"STATION","DATE","LATITUDE","LONGITUDE","ELEVATION","NAME","TEMP","TEMP_ATTRIBUTES","DEWP","DEWP_ATTRIBUTES","SLP","SLP_ATTRIBUTES","STP","STP_ATTRIBUTES","VISIB","VISIB_ATTRIBUTES","WDSP","WDSP_ATTRIBUTES","MXSPD","GUST","MAX","MAX_ATTRIBUTES","MIN","MIN_ATTRIBUTES","PRCP","PRCP_ATTRIBUTES","SNDP","FRSHTT"
"72259003927","2015-01-01","32.8978","-97.0189","170.7","DAL FTW WSCMO AIRPORT, TX US","  33.3","24","  27.3","24","1028.4","19","005.6","24","  6.6","24","  5.8","24"," 11.1","999.9","  36.0"," ","  30.9"," "," 0.00","G","999.9","011000"
"72259003927","2015-01-02","32.8978","-97.0189","170.7","DAL FTW WSCMO AIRPORT, TX US","  37.1","24","  35.8","24","1021.7","13","999.7","24","  5.1","24","  7.4","24"," 12.0","999.9","  39.9"," ","  32.0"," "," 0.59","G","999.9","010000"
"72259003927","2015-01-03","32.8978","-97.0189","170.7","DAL FTW WSCMO AIRPORT, TX US","  42.0","24","  38.0","24","1013.6","19","992.3","24","  7.9","24","  7.6","24"," 12.0","999.9","  54.0"," ","  36.0"," "," 0.70","G","999.9","010010"
"72259003927","2015-01-04","32.8978","-97.0189","170.7","DAL FTW WSCMO AIRPORT, TX US","  38.5","24","  25.9","24","1026.5","24","004.9","24"," 10.0","24"," 13.7","24"," 24.1"," 31.1","  54.0"," ","  28.0"," "," 0.33","G","999.9","000000"
"72259003927","2015-01-05","32.8978","-97.0189","170.7","DAL FTW WSCMO AIRPORT, TX US","  31.8","24","  16.8","24","1037.3","24","014.5","24"," 10.0","24","  6.8","24"," 11.1","999.9","  46.0"," ","  21.0"," "," 0.00","G","999.9","000000"
"72259003927","2015-01-06","32.8978","-97.0189","170.7","DAL FTW WSCMO AIRPORT, TX US","  41.6","24","  28.6","24","1027.9","24","005.9","24"," 10.0","24","  7.4","24"," 15.9","999.9","  57.9"," ","  23.2"," "," 0.00","G","999.9","000000"
"72259003927","2015-01-07","32.8978","-97.0189","170.7","DAL FTW WSCMO AIRPORT, TX US","  37.8","24","  22.6","24","1034.0","24","012.6","24"," 10.0","24"," 15.2","24"," 27.0"," 35.9","  57.9"," ","  30.0"," "," 0.00","G","999.9","000000"
"72259003927","2015-01-08","32.8978","-97.0189","170.7","DAL FTW WSCMO AIRPORT, TX US","  25.0","24","   4.7","24","1038.3","24","014.9","24"," 10.0","24"," 11.3","24"," 20.0"," 28.0","  39.9"," ","  16.0"," "," 0.00","G","999.9","000000"
"72259003927","2015-01-09","32.8978","-97.0189","170.7","DAL FTW WSCMO AIRPORT, TX US","  33.1","24","  15.3","24","1030.4","24","008.4","24"," 10.0","24","  9.2","24"," 15.9"," 20.0","  39.0"," ","  16.0"," "," 0.00","G","999.9","000000"
"72259003927","2015-01-10","32.8978","-97.0189","170.7","DAL FTW WSCMO AIRPORT, TX US","  33.2","24","  10.4","24","1032.9","24","010.4","24","  9.7","24","  7.6","24"," 13.0","999.9","  39.0"," ","  27.1"," "," 0.00","G","999.9","010000"
"72259003927","2015-01-11","32.8978","-97.0189","170.7","DAL FTW WSCMO AIRPORT, TX US","  35.1","24","  32.9","24","1024.2","17","002.1","24","  6.2","24","  7.0","24","  9.9","999.9","  42.1"," ","  31.1"," "," 0.40","G","999.9","010000"
"72259003927","2015-01-12","32.8978","-97.0189","170.7","DAL FTW WSCMO AIRPORT, TX US","  41.5","24","  37.5","24","1025.4","17","002.7","24","  6.9","24","  9.3","24"," 18.1"," 20.0","  44.1"," ","  33.1"," "," 0.02","G","999.9","010000"
"72259003927","2015-01-13","32.8978","-97.0189","170.7","DAL FTW WSCMO AIRPORT, TX US","  35.1","24","  28.1","24","1031.3","23","009.1","24","  8.6","24"," 10.7","24"," 18.1"," 20.0","  44.1"," ","  30.9"," "," 0.00","G","999.9","010000"
"72259003927","2015-01-14","32.8978","-97.0189","170.7","DAL FTW WSCMO AIRPORT, TX US","  37.6","24","  26.7","24","1028.4","24","006.4","24"," 10.0","24","  6.5","24","  8.9","999.9","  41.0"," ","  32.0"," "," 0.00","G","999.9","000000"
"72259003927","2015-01-15","32.8978","-97.0189","170.7","DAL FTW WSCMO AIRPORT, TX US","  41.8","24","  24.2","24","1026.0","24","004.1","24"," 10.0","24","  7.1","24","  9.9","999.9","  55.9"," ","  34.0"," "," 0.00","G","999.9","000000"
"72259003927","2015-01-16","32.8978","-97.0189","170.7","DAL FTW WSCMO AIRPORT, TX US","  45.5","24","  30.6","24","1025.2","24","003.2","24"," 10.0","24","  4.9","24","  9.9","999.9","  63.0"," ","  30.9"," "," 0.00","G","999.9","000000"
"72259003927","2015-01-17","32.8978","-97.0189","170.7","DAL FTW WSCMO AIRPORT, TX US","  51.3","24","  35.2","24","1016.9","24","995.5","24"," 10.0","24"," 11.2","24"," 19.0"," 21.0","  68.0"," ","  32.0"," "," 0.00","G","999.9","000000"
"72259003927","2015-01-18","32.8978","-97.0189","170.7","DAL FTW WSCMO AIRPORT, TX US","  51.6","24","  28.6","24","1023.7","24","001.8","24"," 10.0","24","  7.9","24"," 15.0"," 17.1","  70.0"," ","  33.1"," "," 0.00","G","999.9","000000"
"72259003927","2015-01-19","32.8978","-97.0189","170.7","DAL FTW WSCMO AIRPORT, TX US","  53.1","24","  29.8","24","1016.9","24","995.2","24"," 10.0","24","  7.5","24"," 13.0","999.9","  70.0"," ","  34.0"," "," 0.00","G","999.9","000000"
"72259003927","2015-01-20","32.8978","-97.0189","170.7","DAL FTW WSCMO AIRPORT, TX US","  54.0","24","  40.3","24","1013.6","24","992.2","24"," 10.0","24","  4.3","24"," 12.0","999.9","  70.0"," ","  37.9"," "," 0.00","G","999.9","000000"
"72259003927","2015-01-21","32.8978","-97.0189","170.7","DAL FTW WSCMO AIRPORT, TX US","  51.4","24","  34.1","24","1020.0","24","998.5","24"," 10.0","24"," 10.2","24"," 17.1","999.9","  70.0"," ","  39.9"," "," 0.00","G","999.9","010000"
"72259003927","2015-01-22","32.8978","-97.0189","170.7","DAL FTW WSCMO AIRPORT, TX US","  44.2","24","  41.0","24","1022.9","14","001.2","24","  6.5","24"," 12.9","24"," 20.0"," 28.9","  53.1","*","  35.6","*"," 0.82","G","999.9","010000"
"72259003927","2015-01-23","32.8978","-97.0189","170.7","DAL FTW WSCMO AIRPORT, TX US","  43.2","24","  34.4","24","1024.0","24","002.1","24","  9.9","24"," 10.8","24"," 19.0","999.9","  52.0"," ","  39.9"," "," 0.55","G","999.9","010000"
"72259003927","2015-01-24","32.8978","-97.0189","170.7","DAL FTW WSCMO AIRPORT, TX US","  44.3","24","  30.2","24","1020.8","24","998.9","24"," 10.0","24","  7.0","24","  9.9","999.9","  60.1"," ","  33.1"," "," 0.00","G","999.9","000000"
"72259003927","2015-01-25","32.8978","-97.0189","170.7","DAL FTW WSCMO AIRPORT, TX US","  51.6","24","  32.7","24","1015.6","24","994.2","24"," 10.0","24"," 12.7","24"," 25.1"," 32.1","  64.0"," ","  33.1"," "," 0.00","G","999.9","000000"
"72259003927","2015-01-26","32.8978","-97.0189","170.7","DAL FTW WSCMO AIRPORT, TX US","  51.5","24","  28.6","24","1021.1","24","999.4","24"," 10.0","24","  7.1","24"," 15.0","999.9","  72.0"," ","  34.0"," "," 0.00","G","999.9","000000"
"72259003927","2015-01-27","32.8978","-97.0189","170.7","DAL FTW WSCMO AIRPORT, TX US","  59.3","24","  36.8","24","1019.1","24","997.8","24"," 10.0","24","  3.8","24","  8.9","999.9","  78.1"," ","  35.1"," "," 0.00","G","999.9","000000"
"72259003927","2015-01-28","32.8978","-97.0189","170.7","DAL FTW WSCMO AIRPORT, TX US","  61.7","24","  40.2","24","1017.7","24","996.5","24"," 10.0","24","  8.3","24"," 17.1","999.9","  80.1"," ","  44.1"," "," 0.00","G","999.9","000000"
"72259003927","2015-01-29","32.8978","-97.0189","170.7","DAL FTW WSCMO AIRPORT, TX US","  63.1","24","  38.7","24","1019.8","24","999.0","24"," 10.0","24"," 13.0","24"," 19.0"," 22.0","  80.1"," ","  46.9"," "," 0.00","G","999.9","000000"
"72259003927","2015-01-30","32.8978","-97.0189","170.7","DAL FTW WSCMO AIRPORT, TX US","  49.2","24","  30.7","24","1030.6","24","008.6","24"," 10.0","24","  9.2","24"," 17.1"," 22.0","  69.1"," ","  39.9"," "," 0.00","G","999.9","000000"
"72259003927","2015-01-31","32.8978","-97.0189","170.7","DAL FTW WSCMO AIRPORT, TX US","  49.9","24","  32.5","24","1023.2","21","000.5","24","  9.0","24","  8.7","24"," 15.0","999.9","  57.0"," ","  41.0"," "," 0.00","G","999.9","010000"
"72259003927","2015-02-01","32.8978","-97.0189","170.7","DAL FTW WSCMO AIRPORT, TX US","  53.2","24","  48.0","24","1013.8","17","992.1","24","  7.3","24"," 11.4","24"," 24.1"," 29.9","  57.9"," ","  46.0"," "," 0.64","G","999.9","010000"
"72259003927","2015-02-02","32.8978","-97.0189","170.7","DAL FTW WSCMO AIRPORT, TX US","  33.6","24","  18.4","24","1026.9","24","004.9","24"," 10.0","24"," 12.5","24"," 24.1"," 26.0","  57.9"," ","  24.1"," "," 0.10","G","999.9","000000"
"72259003927","2015-02-03","32.8978","-97.0189","170.7","DAL FTW WSCMO AIRPORT, TX US","  39.8","24","  24.8","24","1025.0","24","002.8","24"," 10.0","24","  6.9","24"," 13.0","999.9","  54.0"," ","  25.2"," "," 0.00","G","999.9","000000"
"72259003927","2015-02-04","32.8978","-97.0189","170.7","DAL FTW WSCMO AIRPORT, TX US","  45.9","24","  37.6","24","1018.9","23","997.1","24","  9.0","24","  9.2","24"," 13.0","999.9","  57.0"," ","  32.0"," "," 0.00","G","999.9","000000"
"72259003927","2015-02-05","32.8978","-97.0189","170.7","DAL FTW WSCMO AIRPORT, TX US","  35.7","24","  31.4","24","1027.6","13","005.6","24","  7.0","24"," 12.3","24"," 22.0"," 26.0","  57.0"," ","  28.9"," "," 0.00","G","999.9","010000"
"72259003927","2015-02-06","32.8978","-97.0189","170.7","DAL FTW WSCMO AIRPORT, TX US","  40.1","24","  29.8","24","1027.8","23","005.8","24","  9.0","24","  6.2","24"," 13.0"," 20.0","  57.9"," ","  30.0"," "," 0.00","G","999.9","000000"
"72259003927","2015-02-07","32.8978","-97.0189","170.7","DAL FTW WSCMO AIRPORT, TX US","  51.7","24","  41.2","24","1016.8","24","995.2","24","  9.0","24"," 13.2","24"," 22.0"," 27.0","  69.1"," ","  32.0"," "," 0.00","G","999.9","000000"
"72259003927","2015-02-08","32.8978","-97.0189","170.7","DAL FTW WSCMO AIRPORT, TX US","  60.5","24","  49.2","24","1009.9","24","988.8","24","  9.4","24"," 11.5","24"," 19.0"," 29.9","  73.0"," ","  43.0"," "," 0.00","G","999.9","000000"
"72259003927","2015-02-09","32.8978","-97.0189","170.7","DAL FTW WSCMO AIRPORT, TX US","  60.5","24","  43.6","24","1016.8","24","995.6","24"," 10.0","24","  7.3","24"," 12.0","999.9","  75.0"," ","  46.0"," "," 0.00","G","999.9","000000"
"72259003927","2015-02-10","32.8978","-97.0189","170.7","DAL FTW WSCMO AIRPORT, TX US","  58.5","24","  40.0","24","1016.0","24","994.5","24"," 10.0","24","  7.4","24"," 15.0"," 20.0","  75.0"," ","  45.0"," "," 0.00","G","999.9","000000"
"72259003927","2015-02-11","32.8978","-97.0189","170.7","DAL FTW WSCMO AIRPORT, TX US","  59.0","24","  44.2","24","1014.8","24","993.8","24"," 10.0","24","  8.9","24"," 15.9"," 24.1","  75.0"," ","  46.9"," "," 0.00","G","999.9","000000"
"72259003927","2015-02-12","32.8978","-97.0189","170.7","DAL FTW WSCMO AIRPORT, TX US","  47.1","24","  27.8","24","1027.9","24","006.2","24"," 10.0","24"," 13.4","24"," 20.0"," 24.1","  66.9"," ","  36.0"," "," 0.00","G","999.9","000000"
"72259003927","2015-02-13","32.8978","-97.0189","170.7","DAL FTW WSCMO AIRPORT, TX US","  47.9","24","  27.5","24","1026.3","24","004.3","24"," 10.0","24","  5.4","24"," 11.1","999.9","  66.9"," ","  35.1"," "," 0.00","G","999.9","000000"
"72259003927","2015-02-14","32.8978","-97.0189","170.7","DAL FTW WSCMO AIRPORT, TX US","  56.9","24","  36.5","24","1022.3","24","000.5","24"," 10.0","24","  5.1","24"," 12.0","999.9","  78.1"," ","  36.0"," "," 0.00","G","999.9","000000"
"72259003927","2015-02-15","32.8978","-97.0189","170.7","DAL FTW WSCMO AIRPORT, TX US","  61.9","24","  46.5","24","1016.8","24","995.3","24"," 10.0","24","  9.2","24"," 22.0"," 28.9","  78.1"," ","  41.0"," "," 0.00","G","999.9","010000"
"72259003927","2015-02-16","32.8978","-97.0189","170.7","DAL FTW WSCMO AIRPORT, TX US","  43.2","24","  37.8","24","1016.6","16","994.0","24","  8.4","24"," 16.5","24"," 22.9"," 29.9","  73.0"," ","  30.0"," "," 0.22","G","999.9","010000"
"72259003927","2015-02-17","32.8978","-97.0189","170.7","DAL FTW WSCMO AIRPORT, TX US","  36.5","24","  25.1","24","1022.8","23","000.7","24"," 10.0","24","  7.2","24"," 22.0"," 35.9","  62.1"," ","  28.0"," "," 0.05","A","999.9","010010"
"72259003927","2015-02-18","32.8978","-97.0189","170.7","DAL FTW WSCMO AIRPORT, TX US","  43.7","24","  33.0","24","1024.9","24","003.1","24"," 10.0","24","  4.2","24"," 11.1","999.9","  57.0"," ","  28.2"," "," 0.00","H","999.9","010000"
"72259003927","2015-02-19","32.8978","-97.0189","170.7","DAL FTW WSCMO AIRPORT, TX US","  43.6","24","  26.4","24","1026.5","24","004.2","24"," 10.0","24","  9.2","24"," 15.9"," 20.0","  60.1"," ","  32.0"," "," 0.00","G","999.9","000000"
"72259003927","2015-02-20","32.8978","-97.0189","170.7","DAL FTW WSCMO AIRPORT, TX US","  55.0","24","  45.8","24","1013.6","19","992.0","24","  9.1","24"," 13.0","24"," 24.1"," 34.0","  70.0"," ","  32.0"," "," 0.00","G","999.9","010000"
"72259003927","2015-02-21","32.8978","-97.0189","170.7","DAL FTW WSCMO AIRPORT, TX US","  60.2","24","  50.2","24","1008.6","23","987.5","24"," 10.0","24"," 16.2","24"," 26.0"," 33.0","  70.0"," ","  46.0"," "," 0.00","G","999.9","000000"
"72259003927","2015-02-22","32.8978","-97.0189","170.7","DAL FTW WSCMO AIRPORT, TX US","  45.4","24","  37.9","24","1017.9","18","998.2","24","  8.1","24"," 12.0","24"," 24.1"," 29.9","  66.9"," ","  33.1"," "," 0.00","G","999.9","010000"
"72259003927","2015-02-23","32.8978","-97.0189","170.7","DAL FTW WSCMO AIRPORT, TX US","  28.1","24","  24.8","24","1032.7","10","010.5","24","  6.0","24"," 15.6","24"," 22.9"," 31.1","  33.1","*","  26.1","*"," 1.31","G","999.9","011000"
"72259003927","2015-02-24","32.8978","-97.0189","170.7","DAL FTW WSCMO AIRPORT, TX US","  28.1","24","  22.7","24","1027.2","16","004.5","24","  9.5","24","  6.9","24"," 11.1","999.9","  37.0"," ","  25.0"," "," 0.16","G","999.9","010000"
"72259003927","2015-02-25","32.8978","-97.0189","170.7","DAL FTW WSCMO AIRPORT, TX US","  36.7","24","  30.1","24","1014.3","18","992.1","24","  6.8","24","  3.2","24","  7.0","999.9","  52.0"," ","  25.0"," "," 0.53","G","999.9","011000"
"72259003927","2015-02-26","32.8978","-97.0189","170.7","DAL FTW WSCMO AIRPORT, TX US","  36.5","24","  27.5","24","1019.0","22","997.4","24","  8.5","24"," 11.5","24"," 22.0"," 28.0","  52.0"," ","  32.0"," "," 0.13","G","999.9","001000"
"72259003927","2015-02-27","32.8978","-97.0189","170.7","DAL FTW WSCMO AIRPORT, TX US","  28.3","24","  15.3","24","1030.2","18","008.4","24","  6.7","24"," 12.2","24"," 17.1"," 24.1","  37.9"," ","  24.1"," "," 0.00","G","999.9","001000"
"72259003927","2015-02-28","32.8978","-97.0189","170.7","DAL FTW WSCMO AIRPORT, TX US","  27.6","24","  24.3","24","1029.9"," 6","007.1","24","  6.0","24","  7.0","24"," 12.0","999.9","  30.9"," ","  25.0"," "," 0.29","G","999.9","011000"
"72259003927","2015-03-01","32.8978","-97.0189","170.7","DAL FTW WSCMO AIRPORT, TX US","  32.8","24","  31.2","24","1027.0","16","004.9","24","  3.9","24","  6.9","24"," 12.0","999.9","  37.0"," ","  27.0"," "," 0.18","G","  2.0","011000"
"72259003927","2015-03-02","32.8978","-97.0189","170.7","DAL FTW WSCMO AIRPORT, TX US","  36.0","24","  33.7","24","1027.6","20","005.5","24","  5.4","24","  9.1","24"," 13.0","999.9","  39.9"," ","  32.0"," "," 0.08","G","  1.2","010000"
"72259003927","2015-03-03","32.8978","-97.0189","170.7","DAL FTW WSCMO AIRPORT, TX US","  42.8","24","  42.2","24","1018.0","11","995.0","24","  1.5","24","  3.5","24","  8.9","999.9","  52.0"," ","  34.0"," "," 0.04","G","999.9","110000"
"72259003927","2015-03-04","32.8978","-97.0189","170.7","DAL FTW WSCMO AIRPORT, TX US","  46.6","24","  45.6","24","1011.8","10","991.4","24","  3.7","24"," 10.0","24"," 25.1"," 34.0","  52.0","*","  30.2","*"," 0.04","G","999.9","011010"
"72259003927","2015-03-05","32.8978","-97.0189","170.7","DAL FTW WSCMO AIRPORT, TX US","  29.0","24","  21.1","24","1032.9","18","008.4","24","  8.0","24"," 14.9","24"," 28.9"," 35.9","  52.0"," ","  21.9"," "," 0.74","G","999.9","111000"
"72259003927","2015-03-06","32.8978","-97.0189","170.7","DAL FTW WSCMO AIRPORT, TX US","  35.5","24","  21.3","24","1035.1","24","012.6","24","  9.9","24","  4.4","24","  8.0","999.9","  51.1"," ","  21.9"," "," 0.06","G","  3.9","000000"
"72259003927","2015-03-07","32.8978","-97.0189","170.7","DAL FTW WSCMO AIRPORT, TX US","  44.1","24","  28.1","24","1030.1","24","007.9","24"," 10.0","24","  5.2","24"," 11.1","999.9","  61.0"," ","  23.2"," "," 0.00","G","999.9","000000"
"72259003927","2015-03-08","32.8978","-97.0189","170.7","DAL FTW WSCMO AIRPORT, TX US","  49.8","24","  38.3","24","1022.8","22","000.9","24","  9.1","24","  8.5","24"," 13.0","999.9","  57.0","*","  46.0","*"," 0.00","G","999.9","010000"
"72259003927","2015-03-09","32.8978","-97.0189","170.7","DAL FTW WSCMO AIRPORT, TX US","  48.0","24","  46.8","24","1016.6","20","994.9","24","  4.6","24","  6.1","24"," 11.1","999.9","  50.0"," ","  46.9"," "," 0.13","G","999.9","010000"
"72259003927","2015-03-10","32.8978","-97.0189","170.7","DAL FTW WSCMO AIRPORT, TX US","  51.3","24","  48.6","24","1015.1","18","993.8","24","  6.2","24","  7.2","24","  9.9","999.9","  59.0"," ","  46.9"," "," 0.60","G","999.9","010000"
"72259003927","2015-03-11","32.8978","-97.0189","170.7","DAL FTW WSCMO AIRPORT, TX US","  54.6","24","  48.2","24","1021.7","22","000.4","24","  8.3","24","  4.8","24","  9.9","999.9","  68.0"," ","  44.1"," "," 0.00","G","999.9","100000"
"72259003927","2015-03-12","32.8978","-97.0189","170.7","DAL FTW WSCMO AIRPORT, TX US","  57.9","24","  48.9","24","1020.8","24","999.3","24"," 10.0","24","  6.2","24"," 12.0"," 17.1","  69.1"," ","  44.1"," "," 0.00","G","999.9","010000"
"72259003927","2015-03-13","32.8978","-97.0189","170.7","DAL FTW WSCMO AIRPORT, TX US","  57.8","24","  53.8","24","1015.7","18","994.3","24","  8.4","24","  9.1","24"," 13.0","999.9","  69.1"," ","  48.9"," "," 0.00","G","999.9","010000"
"72259003927","2015-03-14","32.8978","-97.0189","170.7","DAL FTW WSCMO AIRPORT, TX US","  58.4","24","  51.2","24","1017.6","19","995.9","24","  9.9","24"," 12.8","24"," 20.0"," 26.0","  63.0","*","  55.4","*"," 0.34","G","999.9","010000"
"72259003927","2015-03-15","32.8978","-97.0189","170.7","DAL FTW WSCMO AIRPORT, TX US","  58.5","24","  50.7","24","1023.4","20","001.9","24"," 10.0","24","  7.7","24"," 15.9"," 18.1","  68.0"," ","  54.0"," "," 0.00","G","999.9","000000"
"72259003927","2015-03-16","32.8978","-97.0189","170.7","DAL FTW WSCMO AIRPORT, TX US","  62.7","24","  52.1","24","1022.9","24","001.3","24","  9.5","24","  4.6","24","  9.9","999.9","  77.0"," ","  50.0"," "," 0.00","G","999.9","000000"
"72259003927","2015-03-17","32.8978","-97.0189","170.7","DAL FTW WSCMO AIRPORT, TX US","  69.2","24","  57.9","24","1018.1","24","997.0","24"," 10.0","24","  5.9","24"," 13.0","999.9","  81.0"," ","  51.1"," "," 0.00","G","999.9","000000"
"72259003927","2015-03-18","32.8978","-97.0189","170.7","DAL FTW WSCMO AIRPORT, TX US","  62.7","24","  54.3","24","1016.1","21","995.0","24","  9.9","24","  6.5","24"," 13.0","999.9","  81.0"," ","  55.0"," "," 0.01","G","999.9","010000"
"72259003927","2015-03-19","32.8978","-97.0189","170.7","DAL FTW WSCMO AIRPORT, TX US","  63.3","24","  58.3","24","1013.5","17","992.5","24","  7.0","24","  4.8","24"," 11.1","999.9","  77.0"," ","  55.9"," "," 0.02","G","999.9","010000"
"72259003927","2015-03-20","32.8978","-97.0189","170.7","DAL FTW WSCMO AIRPORT, TX US","  57.9","24","  54.8","24","1017.8","16","996.8","24","  7.1","24","  9.7","24"," 15.0","999.9","  77.0"," ","  53.1"," "," 0.00","G","999.9","010000"
"72259003927","2015-03-21","32.8978","-97.0189","170.7","DAL FTW WSCMO AIRPORT, TX US","  56.2","24","  52.7","24","1019.4","19","998.3","24","  9.9","24","  5.2","24"," 12.0","999.9","  63.0"," ","  53.1"," "," 0.40","G","999.9","010000"
"72259003927","2015-03-22","32.8978","-97.0189","170.7","DAL FTW WSCMO AIRPORT, TX US","  57.5","24","  52.0","24","1016.2","13","995.0","24","  8.2","24","  5.1","24","  9.9","999.9","  69.1"," ","  52.0"," "," 0.12","G","999.9","010000"
"72259003927","2015-03-23","32.8978","-97.0189","170.7","DAL FTW WSCMO AIRPORT, TX US","  61.5","24","  52.5","24","1017.7","24","996.3","24"," 10.0","24","  6.5","24"," 12.0","999.9","  75.0"," ","  51.1"," "," 0.06","G","999.9","000000"
"72259003927","2015-03-24","32.8978","-97.0189","170.7","DAL FTW WSCMO AIRPORT, TX US","  68.6","24","  56.8","24","1012.8","24","991.6","24"," 10.0","24"," 12.2","24"," 19.0"," 24.1","  82.0"," ","  51.1"," "," 0.00","G","999.9","000000"
"72259003927","2015-03-25","32.8978","-97.0189","170.7","DAL FTW WSCMO AIRPORT, TX US","  70.9","24","  60.1","24","1010.5","24","989.7","24"," 10.0","24"," 11.9","24"," 20.0"," 27.0","  82.0"," ","  59.0"," "," 0.00","G","999.9","000000"
"72259003927","2015-03-26","32.8978","-97.0189","170.7","DAL FTW WSCMO AIRPORT, TX US","  62.1","24","  46.6","24","1014.9","23","993.8","24","  9.7","24"," 18.5","24"," 27.0"," 33.0","  81.0"," ","  51.1"," "," 0.00","G","999.9","010010"
"72259003927","2015-03-27","32.8978","-97.0189","170.7","DAL FTW WSCMO AIRPORT, TX US","  56.7","24","  35.7","24","1020.0","24","998.5","24"," 10.0","24","  8.0","24"," 19.0","999.9","  72.0"," ","  43.0"," "," 0.00","G","999.9","000000"
"72259003927","2015-03-28","32.8978","-97.0189","170.7","DAL FTW WSCMO AIRPORT, TX US","  59.6","24","  42.1","24","1018.3","24","996.6","24"," 10.0","24","  7.8","24"," 12.0"," 17.1","  81.0"," ","  45.0"," "," 0.00","G","999.9","000000"
"72259003927","2015-03-29","32.8978","-97.0189","170.7","DAL FTW WSCMO AIRPORT, TX US","  68.5","24","  49.8","24","1014.9","24","993.8","24"," 10.0","24"," 11.7","24"," 21.0"," 27.0","  82.9"," ","  45.0"," "," 0.00","G","999.9","000000"
"72259003927","2015-03-30","32.8978","-97.0189","170.7","DAL FTW WSCMO AIRPORT, TX US","  68.4","24","  58.0","24","1017.9","23","997.1","24"," 10.0","24","  6.2","24"," 15.0"," 15.9","  82.9"," ","  54.0"," "," 0.00","G","999.9","000000"
"72259003927","2015-03-31","32.8978","-97.0189","170.7","DAL FTW WSCMO AIRPORT, TX US","  71.5","24","  62.9","24","1014.4","24","993.2","24"," 10.0","24"," 10.6","24"," 17.1"," 21.0","  82.9"," ","  59.0"," "," 0.00","G","999.9","010000"
"72259003927","2015-04-01","32.8978","-97.0189","170.7","DAL FTW WSCMO AIRPORT, TX US","  72.1","24","  62.7","24","1010.8","23","990.0","24","  8.9","24"," 10.9","24"," 17.1"," 22.0","  82.9"," ","  63.0"," "," 0.00","G","999.9","010010"
"72259003927","2015-04-02","32.8978","-97.0189","170.7","DAL FTW WSCMO AIRPORT, TX US","  73.9","24","  65.0","24","1009.0","23","988.2","24"," 10.0","24"," 16.3","24"," 22.9"," 28.0","  82.9"," ","  64.9"," "," 0.10","G","999.9","000000"
"72259003927","2015-04-03","32.8978","-97.0189","170.7","DAL FTW WSCMO AIRPORT, TX US","  71.6","24","  60.1","24","1012.3","21","991.6","24","  9.7","24"," 16.9","24"," 22.9"," 28.9","  82.9"," ","  64.9"," "," 0.00","G","999.9","000000"
"72259003927","2015-04-04","32.8978","-97.0189","170.7","DAL FTW WSCMO AIRPORT, TX US","  58.6","24","  37.5","24","1025.5","24","003.9","24"," 10.0","24"," 10.6","24"," 17.1"," 24.1","  73.0"," ","  46.9"," "," 0.00","G","999.9","000000"
"72259003927","2015-04-05","32.8978","-97.0189","170.7","DAL FTW WSCMO AIRPORT, TX US","  56.7","24","  46.8","24","1018.9","19","996.8","24","  8.7","24","  6.8","24"," 14.0","999.9","  68.0"," ","  48.0"," "," 0.32","G","999.9","010010"
"72259003927","2015-04-06","32.8978","-97.0189","170.7","DAL FTW WSCMO AIRPORT, TX US","  66.2","24","  61.2","24","1011.4","18","990.4","24","  5.6","24"," 12.2","24"," 19.0"," 28.9","  82.9"," ","  51.1"," "," 0.43","G","999.9","010000"
"72259003927","2015-04-07","32.8978","-97.0189","170.7","DAL FTW WSCMO AIRPORT, TX US","  74.7","24","  65.5","24","1011.5","23","990.8","24"," 10.0","24"," 15.3","24"," 20.0"," 26.0","  82.9"," ","  57.9"," "," 0.00","G","999.9","000000"
"72259003927","2015-04-08","32.8978","-97.0189","170.7","DAL FTW WSCMO AIRPORT, TX US","  72.7","24","  65.4","24","1011.7","24","990.7","24","  9.8","24"," 14.3","24"," 22.0"," 31.1","  80.1"," ","  66.9"," "," 0.00","G","999.9","010000"
"72259003927","2015-04-09","32.8978","-97.0189","170.7","DAL FTW WSCMO AIRPORT, TX US","  73.2","24","  65.6","24","1008.7","18","987.8","24","  9.7","24"," 12.1","24"," 19.0"," 28.0","  82.9"," ","  66.9"," "," 0.09","G","999.9","010010"
"72259003927","2015-04-10","32.8978","-97.0189","170.7","DAL FTW WSCMO AIRPORT, TX US","  62.5","24","  44.8","24","1018.3","24","997.2","24"," 10.0","24","  9.3","24"," 18.1"," 22.0","  82.9"," ","  52.0"," "," 0.00","B","999.9","000000"
"72259003927","2015-04-11","32.8978","-97.0189","170.7","DAL FTW WSCMO AIRPORT, TX US","  61.6","24","  51.4","24","1018.3","24","997.1","24"," 10.0","24","  5.6","24","  9.9","999.9","  75.0"," ","  52.0"," "," 0.00","G","999.9","000000"
"72259003927","2015-04-12","32.8978","-97.0189","170.7","DAL FTW WSCMO AIRPORT, TX US","  70.1","24","  61.9","24","1012.6","20","991.7","24","  9.5","24","  7.9","24"," 11.1","999.9","  78.1"," ","  52.0"," "," 0.00","G","999.9","010000"
"72259003927","2015-04-13","32.8978","-97.0189","170.7","DAL FTW WSCMO AIRPORT, TX US","  69.6","24","  65.3","24","1010.7","17","989.7","24","  7.7","24"," 10.6","24"," 22.0"," 27.0","  78.1"," ","  64.0"," "," 0.07","G","999.9","010010"
"72259003927","2015-04-14","32.8978","-97.0189","170.7","DAL FTW WSCMO AIRPORT, TX US","  58.5","24","  53.3","24","1016.4","21","995.4","24","  9.9","24"," 10.3","24"," 17.1"," 21.0","  70.0"," ","  55.0"," "," 1.06","G","999.9","010000"
"72259003927","2015-04-15","32.8978","-97.0189","170.7","DAL FTW WSCMO AIRPORT, TX US","  61.7","24","  52.7","24","1014.5","23","993.3","24"," 10.0","24","  5.4","24","  8.9","999.9","  75.0"," ","  55.9"," "," 0.03","G","999.9","010000"
"72259003927","2015-04-16","32.8978","-97.0189","170.7","DAL FTW WSCMO AIRPORT, TX US","  66.8","24","  59.3","24","1012.5","20","991.8","24","  9.8","24","  7.6","24"," 13.0"," 19.0","  78.1"," ","  55.9"," "," 0.00","G","999.9","010000"
"72259003927","2015-04-17","32.8978","-97.0189","170.7","DAL FTW WSCMO AIRPORT, TX US","  66.6","24","  61.6","24","1013.2","24","992.2","24"," 10.0","24","  7.8","24"," 13.0","999.9","  78.1"," ","  59.0"," "," 0.00","G","999.9","000000"
"72259003927","2015-04-18","32.8978","-97.0189","170.7","DAL FTW WSCMO AIRPORT, TX US","  68.1","24","  62.0","24","1010.8","22","990.0","24","  9.2","24","  5.1","24"," 17.1"," 21.0","  81.0"," ","  57.9"," "," 0.53","G","999.9","010010"
"72259003927","2015-04-19","32.8978","-97.0189","170.7","DAL FTW WSCMO AIRPORT, TX US","  64.7","24","  56.6","24","1006.6","21","985.7","24","  9.5","24"," 10.4","24"," 38.1"," 48.0","  81.0"," ","  54.0"," "," 0.48","G","999.9","010010"
"72259003927","2015-04-20","32.8978","-97.0189","170.7","DAL FTW WSCMO AIRPORT, TX US","  60.7","24","  42.4","24","1013.7","24","992.6","24"," 10.0","24"," 10.7","24"," 22.9"," 28.9","  77.0"," ","  46.0"," "," 0.00","G","999.9","000000"
"72259003927","2015-04-21","32.8978","-97.0189","170.7","DAL FTW WSCMO AIRPORT, TX US","  60.8","24","  46.6","24","1014.5","23","993.4","24"," 10.0","24","  5.0","24"," 15.0"," 20.0","  73.0"," ","  46.0"," "," 0.00","G","999.9","010010"
"72259003927","2015-04-22","32.8978","-97.0189","170.7","DAL FTW WSCMO AIRPORT, TX US","  66.1","24","  58.4","24","1011.9","22","990.9","24","  9.9","24","  7.5","24"," 15.0","999.9","  77.0"," ","  48.0"," "," 0.05","G","999.9","000000"
"72259003927","2015-04-23","32.8978","-97.0189","170.7","DAL FTW WSCMO AIRPORT, TX US","  68.8","24","  64.7","24","1011.3","18","990.3","24","  7.8","24","  8.2","24"," 14.0"," 27.0","  77.0"," ","  57.9"," "," 0.50","G","999.9","010010"
"72259003927","2015-04-24","32.8978","-97.0189","170.7","DAL FTW WSCMO AIRPORT, TX US","  67.7","24","  65.4","24","1009.0","17","988.6","24","  7.5","24","  8.3","24"," 15.0"," 25.1","  72.0","*","  64.4","*"," 0.09","G","999.9","010010"
"72259003927","2015-04-25","32.8978","-97.0189","170.7","DAL FTW WSCMO AIRPORT, TX US","  68.9","24","  55.3","24","1004.5","23","983.5","24","  9.3","24","  9.5","24"," 24.1"," 34.0","  87.1"," ","  55.0"," "," 0.94","G","999.9","110010"
"72259003927","2015-04-26","32.8978","-97.0189","170.7","DAL FTW WSCMO AIRPORT, TX US","  71.8","24","  58.0","24","1003.6","24","982.8","24"," 10.0","24","  6.6","24"," 13.0","999.9","  87.1"," ","  55.9"," "," 0.00","G","999.9","010000"
"72259003927","2015-04-27","32.8978","-97.0189","170.7","DAL FTW WSCMO AIRPORT, TX US","  69.6","24","  59.5","24","1003.8","19","983.6","24","  9.8","24"," 10.9","24"," 22.9"," 32.1","  84.0"," ","  59.0"," "," 0.02","G","999.9","110010"
"72259003927","2015-04-28","32.8978","-97.0189","170.7","DAL FTW WSCMO AIRPORT, TX US","  55.1","24","  50.3","24","1013.9","18","992.9","24","  9.3","24"," 13.2","24"," 20.0"," 26.0","  73.0"," ","  52.0"," "," 0.83","G","999.9","010010"
"72259003927","2015-04-29","32.8978","-97.0189","170.7","DAL FTW WSCMO AIRPORT, TX US","  59.0","24","  45.6","24","1017.1","24","995.6","24"," 10.0","24","  8.0","24"," 12.0"," 15.0","  75.0"," ","  48.9"," "," 0.05","G","999.9","000000"
"72259003927","2015-04-30","32.8978","-97.0189","170.7","DAL FTW WSCMO AIRPORT, TX US","  66.7","24","  48.9","24","1014.4","24","993.3","24"," 10.0","24","  4.1","24","  8.9","999.9","  78.1"," ","  48.9"," "," 0.00","G","999.9","000000"
"72259003927","2015-05-01","32.8978","-97.0189","170.7","DAL FTW WSCMO AIRPORT, TX US","  69.2","24","  51.8","24","1015.8","24","994.8","24"," 10.0","24","  4.2","24","  8.9","999.9","  82.0"," ","  52.0"," "," 0.00","G","999.9","000000"
"72259003927","2015-05-02","32.8978","-97.0189","170.7","DAL FTW WSCMO AIRPORT, TX US","  70.2","24","  54.4","24","1016.6","24","995.4","24"," 10.0","24","  5.9","24"," 11.1"," 19.0","  82.0"," ","  54.0"," "," 0.00","G","999.9","000000"
"72259003927","2015-05-03","32.8978","-97.0189","170.7","DAL FTW WSCMO AIRPORT, TX US","  70.1","24","  56.3","24","1014.5","24","993.5","24"," 10.0","24","  9.3","24"," 14.0"," 19.0","  81.0"," ","  59.0"," "," 0.00","G","999.9","000000"
"72259003927","2015-05-04","32.8978","-97.0189","170.7","DAL FTW WSCMO AIRPORT, TX US","  72.3","24","  60.6","24","1015.5","22","994.8","24"," 10.0","24"," 11.2","24"," 15.9"," 22.0","  81.0"," ","  60.1"," "," 0.00","G","999.9","000000"
"72259003927","2015-05-05","32.8978","-97.0189","170.7","DAL FTW WSCMO AIRPORT, TX US","  70.3","24","  59.3","24","1014.7","24","993.8","24"," 10.0","24"," 11.7","24"," 20.0"," 28.9","  81.0"," ","  61.0"," "," 0.00","G","999.9","010000"
"72259003927","2015-05-06","32.8978","-97.0189","170.7","DAL FTW WSCMO AIRPORT, TX US","  72.8","24","  67.0","24","1012.1","17","991.4","24","  9.3","24"," 14.0","24"," 20.0"," 29.9","  82.0"," ","  61.0"," "," 0.57","G","999.9","010010"
"72259003927","2015-05-07","32.8978","-97.0189","170.7","DAL FTW WSCMO AIRPORT, TX US","  73.8","24","  67.8","24","1010.5","13","990.5","24"," 10.0","24"," 11.7","24"," 15.9"," 25.1","  82.0"," ","  64.0"," "," 0.43","G","999.9","010010"
"72259003927","2015-05-08","32.8978","-97.0189","170.7","DAL FTW WSCMO AIRPORT, TX US","  74.4","24","  70.0","24","1010.4","17","989.9","24","  8.6","24"," 10.2","24"," 25.1"," 35.0","  82.9"," ","  64.0"," "," 1.34","G","999.9","110010"
"72259003927","2015-05-09","32.8978","-97.0189","170.7","DAL FTW WSCMO AIRPORT, TX US","  74.6","24","  70.6","24","1009.3","17","988.8","24","  7.8","24"," 10.7","24"," 21.0"," 28.0","  82.9"," ","  66.9"," "," 0.00","G","999.9","010010"
"72259003927","2015-05-10","32.8978","-97.0189","170.7","DAL FTW WSCMO AIRPORT, TX US","  72.5","24","  68.5","24","1008.5","17","988.2","24","  8.5","24"," 11.6","24"," 27.0"," 34.0","  82.0"," ","  63.0"," "," 0.04","G","999.9","010010"
"72259003927","2015-05-11","32.8978","-97.0189","170.7","DAL FTW WSCMO AIRPORT, TX US","  66.6","24","  58.6","24","1015.1","19","993.8","24","  9.5","24","  9.7","24"," 15.0"," 22.0","  79.0"," ","  60.1"," "," 1.49","G","999.9","010010"
"72259003927","2015-05-12","32.8978","-97.0189","170.7","DAL FTW WSCMO AIRPORT, TX US","  64.1","24","  52.6","24","1021.8","22","000.6","24","  9.7","24","  7.6","24"," 11.1","999.9","  73.0"," ","  57.9"," "," 0.00","G","999.9","010010"
"72259003927","2015-05-13","32.8978","-97.0189","170.7","DAL FTW WSCMO AIRPORT, TX US","  64.7","24","  61.4","24","1019.1","12","997.8","24","  8.7","24","  8.3","24"," 15.9"," 20.0","  72.0"," ","  57.9"," "," 0.06","G","999.9","110010"
"72259003927","2015-05-14","32.8978","-97.0189","170.7","DAL FTW WSCMO AIRPORT, TX US","  69.4","24","  66.4","24","1016.4","19","995.5","24","  9.4","24","  7.8","24"," 14.0"," 18.1","  82.9"," ","  62.1"," "," 1.11","G","999.9","000000"
"72259003927","2015-05-15","32.8978","-97.0189","170.7","DAL FTW WSCMO AIRPORT, TX US","  72.4","24","  68.6","24","1013.4","19","992.4","24","  9.9","24"," 11.1","24"," 15.9"," 22.0","  82.9"," ","  64.0"," "," 0.00","G","999.9","010000"
"72259003927","2015-05-16","32.8978","-97.0189","170.7","DAL FTW WSCMO AIRPORT, TX US","  73.3","24","  68.0","24","1009.9","20","989.4","24"," 10.0","24"," 11.7","24"," 19.0"," 28.9","  84.0"," ","  69.1"," "," 0.01","G","999.9","000000"
"72259003927","2015-05-17","32.8978","-97.0189","170.7","DAL FTW WSCMO AIRPORT, TX US","  72.4","24","  67.5","24","1010.9","19","989.9","24","  8.6","24"," 11.3","24"," 20.0"," 29.9","  84.0"," ","  64.0"," "," 1.61","G","999.9","010010"
"72259003927","2015-05-18","32.8978","-97.0189","170.7","DAL FTW WSCMO AIRPORT, TX US","  74.7","24","  68.5","24","1016.2","23","995.4","24","  9.7","24","  4.5","24"," 12.0"," 17.1","  88.0"," ","  64.0"," "," 0.07","G","999.9","100000"
"72259003927","2015-05-19","32.8978","-97.0189","170.7","DAL FTW WSCMO AIRPORT, TX US","  74.6","24","  70.1","24","1016.1","21","995.4","24","  9.8","24","  9.4","24"," 18.1"," 25.1","  88.0"," ","  64.9"," "," 0.00","G","999.9","010010"
"72259003927","2015-05-20","32.8978","-97.0189","170.7","DAL FTW WSCMO AIRPORT, TX US","  75.9","24","  69.2","24","1013.3","20","992.6","24"," 10.0","24"," 10.1","24"," 15.9"," 22.0","  86.0"," ","  66.0"," "," 0.00","G","999.9","010010"
"72259003927","2015-05-21","32.8978","-97.0189","170.7","DAL FTW WSCMO AIRPORT, TX US","  61.2","24","  56.3","24","1019.3","19","998.4","24","  9.3","24"," 13.0","24"," 19.0"," 28.0","  86.0"," ","  55.0"," "," 0.37","G","999.9","010010"
"72259003927","2015-05-22","32.8978","-97.0189","170.7","DAL FTW WSCMO AIRPORT, TX US","  61.7","24","  57.8","24","1019.8","20","998.6","24","  9.3","24","  6.7","24"," 13.0","999.9","  68.0"," ","  55.0"," "," 0.20","G","999.9","110000"
"72259003927","2015-05-23","32.8978","-97.0189","170.7","DAL FTW WSCMO AIRPORT, TX US","  69.7","24","  68.0","24","1017.4","20","996.0","24","  7.4","24","  8.6","24"," 18.1"," 25.1","  81.0"," ","  57.0"," "," 0.55","G","999.9","010010"
"72259003927","2015-05-24","32.8978","-97.0189","170.7","DAL FTW WSCMO AIRPORT, TX US","  68.1","24","  66.0","24","1011.3","17","990.3","24","  7.8","24"," 10.0","24"," 22.0"," 33.0","  75.9","*","  62.6","*"," 3.32","G","999.9","110010"
"72259003927","2015-05-25","32.8978","-97.0189","170.7","DAL FTW WSCMO AIRPORT, TX US","  69.4","24","  67.8","24","1010.6","18","989.7","24","  8.9","24","  9.3","24"," 28.0"," 36.9","  75.9"," ","  61.0"," "," 0.71","G","999.9","110010"
"72259003927","2015-05-26","32.8978","-97.0189","170.7","DAL FTW WSCMO AIRPORT, TX US","  65.0","24","  63.4","24","1012.2","17","991.9","24","  7.5","24","  6.2","24"," 15.0"," 31.1","  81.0"," ","  57.9"," "," 0.43","G","999.9","010000"
"72259003927","2015-05-27","32.8978","-97.0189","170.7","DAL FTW WSCMO AIRPORT, TX US","  72.1","24","  62.8","24","1015.5","23","994.6","24","  9.7","24","  8.8","24"," 25.1"," 41.0","  84.9"," ","  57.9"," "," 0.43","G","999.9","010010"
"72259003927","2015-05-28","32.8978","-97.0189","170.7","DAL FTW WSCMO AIRPORT, TX US","  77.4","24","  69.6","24","1015.6","22","994.7","23"," 10.0","24","  9.1","24"," 15.0","999.9","  88.0"," ","  57.9"," "," 0.00","G","999.9","010010"
"72259003927","2015-05-29","32.8978","-97.0189","170.7","DAL FTW WSCMO AIRPORT, TX US","  71.0","24","  66.3","24","1012.3","15","991.6","24","  8.4","24","  7.7","24"," 19.0"," 28.0","  88.0"," ","  64.0"," "," 3.76","G","999.9","010010"
"72259003927","2015-05-30","32.8978","-97.0189","170.7","DAL FTW WSCMO AIRPORT, TX US","  70.8","24","  66.0","24","1014.7","17","994.4","24","  9.4","24","  6.5","24"," 35.0"," 45.1","  77.0"," ","  64.0"," "," 0.66","G","999.9","010010"
"72259003927","2015-05-31","32.8978","-97.0189","170.7","DAL FTW WSCMO AIRPORT, TX US","  68.5","24","  59.0","24","1018.1","23","997.0","24"," 10.0","24","  7.1","24"," 14.0"," 20.0","  78.1"," ","  59.0"," "," 0.23","G","999.9","000000"
"72259003927","2015-06-01","32.8978","-97.0189","170.7","DAL FTW WSCMO AIRPORT, TX US","  70.6","24","  57.9","24","1017.4","24","996.2","24"," 10.0","24","  3.0","24","  8.9","999.9","  84.0"," ","  59.0"," "," 0.00","G","999.9","000000"
"72259003927","2015-06-02","32.8978","-97.0189","170.7","DAL FTW WSCMO AIRPORT, TX US","  75.6","24","  62.4","24","1015.4","24","994.3","24"," 10.0","24","  5.9","24"," 13.0"," 17.1","  87.1"," ","  59.0"," "," 0.00","G","999.9","000000"
"72259003927","2015-06-03","32.8978","-97.0189","170.7","DAL FTW WSCMO AIRPORT, TX US","  78.5","24","  64.2","24","1012.2","24","991.3","24"," 10.0","24","  8.5","24"," 12.0"," 17.1","  90.0"," ","  64.9"," "," 0.00","G","999.9","000000"
"72259003927","2015-06-04","32.8978","-97.0189","170.7","DAL FTW WSCMO AIRPORT, TX US","  80.1","24","  66.1","24","1013.0","24","992.3","24"," 10.0","24","  8.1","24"," 11.1"," 18.1","  91.0"," ","  66.9"," "," 0.00","G","999.9","000000"
"72259003927","2015-06-05","32.8978","-97.0189","170.7","DAL FTW WSCMO AIRPORT, TX US","  80.5","24","  65.2","24","1015.2","24","994.4","24"," 10.0","24","  5.8","24"," 11.1","999.9","  91.0"," ","  68.0"," "," 0.00","G","999.9","000000"
"72259003927","2015-06-06","32.8978","-97.0189","170.7","DAL FTW WSCMO AIRPORT, TX US","  81.9","24","  66.2","24","1014.7","24","993.9","24","  9.7","24","  4.2","24","  9.9","999.9","  91.9"," ","  68.0"," "," 0.00","G","999.9","000000"
"72259003927","2015-06-07","32.8978","-97.0189","170.7","DAL FTW WSCMO AIRPORT, TX US","  82.7","24","  65.3","24","1013.0","24","992.2","24","  9.9","24","  7.9","24"," 13.0"," 21.0","  93.0"," ","  71.1"," "," 0.00","G","999.9","000000"
"72259003927","2015-06-08","32.8978","-97.0189","170.7","DAL FTW WSCMO AIRPORT, TX US","  83.3","24","  65.7","24","1012.8","24","992.1","24"," 10.0","24","  7.1","24"," 12.0"," 18.1","  95.0"," ","  71.1"," "," 0.00","G","999.9","000000"
"72259003927","2015-06-09","32.8978","-97.0189","170.7","DAL FTW WSCMO AIRPORT, TX US","  85.3","24","  65.8","24","1011.5","24","990.9","24"," 10.0","24","  5.3","24","  9.9","999.9","  95.0"," ","  73.0"," "," 0.00","G","999.9","010010"
"72259003927","2015-06-10","32.8978","-97.0189","170.7","DAL FTW WSCMO AIRPORT, TX US","  84.5","24","  66.4","24","1009.3","24","988.5","24"," 10.0","24","  4.2","24"," 12.0"," 17.1","  97.0"," ","  72.0"," "," 0.00","G","999.9","000000"
"72259003927","2015-06-11","32.8978","-97.0189","170.7","DAL FTW WSCMO AIRPORT, TX US","  84.7","24","  66.1","24","1007.9","24","987.3","24"," 10.0","24"," 10.1","24"," 18.1"," 22.9","  97.0"," ","  72.0"," "," 0.00","G","999.9","000000"
"72259003927","2015-06-12","32.8978","-97.0189","170.7","DAL FTW WSCMO AIRPORT, TX US","  84.0","24","  68.0","24","1008.3","22","987.9","24"," 10.0","24"," 12.7","24"," 17.1"," 25.1","  93.0"," ","  73.9"," "," 0.00","G","999.9","000000"
"72259003927","2015-06-13","32.8978","-97.0189","170.7","DAL FTW WSCMO AIRPORT, TX US","  83.2","24","  69.8","24","1009.9","22","989.4","24","  9.9","24"," 11.2","24"," 18.1"," 24.1","  93.0"," ","  75.9"," "," 0.00","G","999.9","010010"
"72259003927","2015-06-14","32.8978","-97.0189","170.7","DAL FTW WSCMO AIRPORT, TX US","  81.0","24","  71.1","24","1010.6","21","989.9","24"," 10.0","24"," 11.8","24"," 20.0"," 31.1","  89.1"," ","  75.9"," "," 0.00","G","999.9","000010"
"72259003927","2015-06-15","32.8978","-97.0189","170.7","DAL FTW WSCMO AIRPORT, TX US","  82.0","24","  70.5","24","1012.7","23","992.1","24","  9.9","24","  8.6","24"," 13.0"," 21.0","  91.0","*","  75.2","*"," 0.00","G","999.9","010000"
"72259003927","2015-06-16","32.8978","-97.0189","170.7","DAL FTW WSCMO AIRPORT, TX US","  80.1","24","  70.6","24","1014.4","20","993.6","24","  9.9","24","  7.7","24"," 14.0"," 20.0","  91.9"," ","  75.9"," "," 0.02","G","999.9","010000"
"72259003927","2015-06-17","32.8978","-97.0189","170.7","DAL FTW WSCMO AIRPORT, TX US","  76.1","24","  72.4","24","1010.8","14","988.8","24","  5.9","24"," 14.1","24"," 29.9"," 39.0","  80.1","*","  73.4","*"," 0.79","G","999.9","010000"
"72259003927","2015-06-18","32.8978","-97.0189","170.7","DAL FTW WSCMO AIRPORT, TX US","  81.6","24","  67.4","24","1010.1","24","989.5","24","  9.8","24"," 13.8","24"," 24.1"," 35.0","  95.0"," ","  73.9"," "," 1.55","G","999.9","010000"
"72259003927","2015-06-19","32.8978","-97.0189","170.7","DAL FTW WSCMO AIRPORT, TX US","  84.2","24","  69.8","24","1013.5","24","992.8","24"," 10.0","24","  6.9","24"," 11.1"," 15.0","  95.0"," ","  73.0"," "," 0.00","G","999.9","000000"
"72259003927","2015-06-20","32.8978","-97.0189","170.7","DAL FTW WSCMO AIRPORT, TX US","  83.0","24","  69.8","24","1014.0","24","993.3","24"," 10.0","24","  9.9","24"," 14.0","999.9","  95.0"," ","  73.0"," "," 0.00","G","999.9","000000"
"72259003927","2015-06-21","32.8978","-97.0189","170.7","DAL FTW WSCMO AIRPORT, TX US","  79.4","24","  70.9","24","1015.3","20","994.6","24","  9.8","24","  9.9","24"," 15.9"," 19.0","  88.0","*","  73.4","*"," 0.00","G","999.9","010010"
"72259003927","2015-06-22","32.8978","-97.0189","170.7","DAL FTW WSCMO AIRPORT, TX US","  81.4","24","  71.1","24","1016.4","23","995.7","24","  9.7","24"," 10.3","24"," 20.0"," 24.1","  93.9"," ","  73.0"," "," 0.07","G","999.9","000000"
"72259003927","2015-06-23","32.8978","-97.0189","170.7","DAL FTW WSCMO AIRPORT, TX US","  84.6","24","  70.1","24","1018.5","24","997.6","24"," 10.0","24","  8.4","24"," 12.0"," 15.9","  93.9"," ","  73.0"," "," 0.00","G","999.9","000000"
"72259003927","2015-06-24","32.8978","-97.0189","170.7","DAL FTW WSCMO AIRPORT, TX US","  86.2","24","  69.3","24","1018.9","24","998.0","24"," 10.0","24","  7.4","24"," 13.0","999.9","  95.0"," ","  73.9"," "," 0.00","G","999.9","000000"
"72259003927","2015-06-25","32.8978","-97.0189","170.7","DAL FTW WSCMO AIRPORT, TX US","  85.7","24","  68.0","24","1017.0","24","996.2","24"," 10.0","24","  8.0","24"," 11.1"," 18.1","  95.0"," ","  75.9"," "," 0.00","G","999.9","000000"
"72259003927","2015-06-26","32.8978","-97.0189","170.7","DAL FTW WSCMO AIRPORT, TX US","  86.7","24","  70.1","24","1013.6","24","992.9","24"," 10.0","24","  9.3","24"," 13.0"," 15.9","  95.0"," ","  75.9"," "," 0.00","G","999.9","000000"
"72259003927","2015-06-27","32.8978","-97.0189","170.7","DAL FTW WSCMO AIRPORT, TX US","  80.8","24","  70.3","24","1014.6","21","993.8","24","  9.3","24","  9.0","24"," 31.1"," 41.0","  95.0"," ","  72.0"," "," 1.49","G","999.9","110010"
"72259003927","2015-06-28","32.8978","-97.0189","170.7","DAL FTW WSCMO AIRPORT, TX US","  81.9","24","  61.8","24","1015.7","24","994.9","24"," 10.0","24","  4.3","24"," 11.1","999.9","  91.9"," ","  72.0"," "," 0.20","G","999.9","000000"
"72259003927","2015-06-29","32.8978","-97.0189","170.7","DAL FTW WSCMO AIRPORT, TX US","  84.0","24","  66.5","24","1013.4","24","992.7","24"," 10.0","24","  6.3","24","  8.9","999.9","  96.1"," ","  72.0"," "," 0.00","G","999.9","000000"
"72259003927","2015-06-30","32.8978","-97.0189","170.7","DAL FTW WSCMO AIRPORT, TX US","  84.6","24","  67.5","24","1014.0","24","993.4","24","  9.8","24","  8.7","24"," 19.0"," 25.1","  96.1"," ","  71.1"," "," 0.03","G","999.9","010000"
"72259003927","2015-07-01","32.8978","-97.0189","170.7","DAL FTW WSCMO AIRPORT, TX US","  84.0","24","  69.1","24","1014.1","24","993.4","24"," 10.0","24"," 12.5","24"," 19.0"," 22.0","  95.0"," ","  73.9"," ","99.99"," ","999.9","010010"
"72259003927","2015-07-02","32.8978","-97.0189","170.7","DAL FTW WSCMO AIRPORT, TX US","  83.6","24","  67.1","24","1013.2","24","992.4","24","  9.9","24"," 14.4","24"," 21.0"," 26.0","  93.9"," ","  73.9"," "," 0.00","G","999.9","000000"
"72259003927","2015-07-03","32.8978","-97.0189","170.7","DAL FTW WSCMO AIRPORT, TX US","  85.5","24","  69.2","24","1012.4","24","991.9","24"," 10.0","24"," 13.8","24"," 19.0"," 24.1","  93.0"," ","  73.9"," "," 0.00","G","999.9","000000"
"72259003927","2015-07-04","32.8978","-97.0189","170.7","DAL FTW WSCMO AIRPORT, TX US","  85.6","24","  69.5","24","1012.7","24","992.0","24"," 10.0","24","  9.7","24"," 14.0"," 20.0","  93.9"," ","  78.1"," "," 0.00","G","999.9","000000"
"72259003927","2015-07-05","32.8978","-97.0189","170.7","DAL FTW WSCMO AIRPORT, TX US","  85.7","24","  70.3","24","1013.9","24","993.1","24"," 10.0","24"," 12.5","24"," 18.1"," 24.1","  93.9"," ","  77.0"," "," 0.00","G","999.9","000000"
"72259003927","2015-07-06","32.8978","-97.0189","170.7","DAL FTW WSCMO AIRPORT, TX US","  85.8","24","  69.6","24","1013.5","22","992.9","24"," 10.0","24"," 16.5","24"," 22.9"," 31.1","  93.0"," ","  77.0"," "," 0.00","G","999.9","000000"
"72259003927","2015-07-07","32.8978","-97.0189","170.7","DAL FTW WSCMO AIRPORT, TX US","  85.1","24","  70.2","24","1012.7","24","992.0","24"," 10.0","24"," 15.3","24"," 21.0"," 25.1","  93.0"," ","  80.1"," "," 0.00","G","999.9","000000"
"72259003927","2015-07-08","32.8978","-97.0189","170.7","DAL FTW WSCMO AIRPORT, TX US","  81.7","24","  71.8","24","1012.9","21","992.3","24","  9.0","24"," 14.4","24"," 22.0"," 28.0","  91.9"," ","  73.9"," "," 0.00","G","999.9","010010"
"72259003927","2015-07-09","32.8978","-97.0189","170.7","DAL FTW WSCMO AIRPORT, TX US","  83.6","24","  69.7","24","1014.9","23","994.2","24","  9.7","24"," 12.6","24"," 21.0"," 26.0","  91.9"," ","  73.9"," "," 0.92","G","999.9","000000"
"72259003927","2015-07-10","32.8978","-97.0189","170.7","DAL FTW WSCMO AIRPORT, TX US","  83.2","24","  68.4","24","1016.4","24","995.6","24","  9.9","24"," 10.4","24"," 15.0"," 25.1","  91.9"," ","  73.0"," "," 0.00","G","999.9","000000"
"72259003927","2015-07-11","32.8978","-97.0189","170.7","DAL FTW WSCMO AIRPORT, TX US","  84.9","24","  66.9","24","1017.7","24","996.9","24","  9.9","24","  9.6","24"," 14.0"," 18.1","  93.9"," ","  73.9"," "," 0.00","G","999.9","000000"
"72259003927","2015-07-12","32.8978","-97.0189","170.7","DAL FTW WSCMO AIRPORT, TX US","  86.0","24","  67.4","24","1016.7","24","995.8","24"," 10.0","24","  9.0","24"," 12.0"," 15.9","  96.1"," ","  75.9"," "," 0.00","G","999.9","000000"
"72259003927","2015-07-13","32.8978","-97.0189","170.7","DAL FTW WSCMO AIRPORT, TX US","  87.7","24","  69.4","24","1012.4","24","991.7","24"," 10.0","24","  9.4","24"," 14.0"," 22.9","  98.1"," ","  77.0"," "," 0.00","G","999.9","000000"
"72259003927","2015-07-14","32.8978","-97.0189","170.7","DAL FTW WSCMO AIRPORT, TX US","  88.6","24","  69.6","24","1009.4","24","988.9","24","  9.9","24","  9.9","24"," 14.0"," 18.1","  98.1"," ","  77.0"," "," 0.00","G","999.9","000000"
"72259003927","2015-07-15","32.8978","-97.0189","170.7","DAL FTW WSCMO AIRPORT, TX US","  86.8","24","  67.1","24","1010.9","24","990.4","24"," 10.0","24","  8.7","24"," 12.0"," 18.1","  98.1"," ","  75.9"," "," 0.00","G","999.9","000000"
"72259003927","2015-07-16","32.8978","-97.0189","170.7","DAL FTW WSCMO AIRPORT, TX US","  86.7","24","  66.4","24","1012.1","24","991.4","24"," 10.0","24"," 10.2","24"," 15.0"," 20.0","  96.1"," ","  75.0"," "," 0.00","G","999.9","000000"
"72259003927","2015-07-17","32.8978","-97.0189","170.7","DAL FTW WSCMO AIRPORT, TX US","  87.7","24","  67.5","24","1012.0","24","991.4","24"," 10.0","24"," 11.9","24"," 15.9"," 22.0","  97.0"," ","  75.0"," "," 0.00","G","999.9","000000"
"72259003927","2015-07-18","32.8978","-97.0189","170.7","DAL FTW WSCMO AIRPORT, TX US","  88.6","24","  69.7","24","1012.5","24","991.9","24"," 10.0","24"," 11.7","24"," 15.0"," 21.0","  99.0"," ","  79.0"," "," 0.00","G","999.9","000000"
"72259003927","2015-07-19","32.8978","-97.0189","170.7","DAL FTW WSCMO AIRPORT, TX US","  88.6","24","  69.0","24","1013.6","24","993.0","24"," 10.0","24"," 10.0","24"," 15.9"," 17.1","  99.0"," ","  78.1"," "," 0.00","G","999.9","000000"
"72259003927","2015-07-20","32.8978","-97.0189","170.7","DAL FTW WSCMO AIRPORT, TX US","  89.6","24","  67.5","24","1012.1","24","991.4","24"," 10.0","24","  9.3","24"," 15.9","999.9","  99.0"," ","  78.1"," "," 0.00","G","999.9","000000"
"72259003927","2015-07-21","32.8978","-97.0189","170.7","DAL FTW WSCMO AIRPORT, TX US","  88.5","24","  67.8","24","1010.3","24","989.7","24"," 10.0","24","  8.4","24"," 12.0","999.9","  99.0"," ","  78.1"," "," 0.00","G","999.9","000000"
"72259003927","2015-07-22","32.8978","-97.0189","170.7","DAL FTW WSCMO AIRPORT, TX US","  88.6","24","  68.6","24","1010.0","24","989.4","24"," 10.0","24"," 10.7","24"," 15.0"," 19.0","  98.1"," ","  79.0"," "," 0.00","G","999.9","000000"
"72259003927","2015-07-23","32.8978","-97.0189","170.7","DAL FTW WSCMO AIRPORT, TX US","  89.6","24","  67.6","24","1011.7","24","991.2","24"," 10.0","24"," 10.5","24"," 14.0"," 18.1","  99.0"," ","  80.1"," "," 0.00","G","999.9","000000"
"72259003927","2015-07-24","32.8978","-97.0189","170.7","DAL FTW WSCMO AIRPORT, TX US","  89.7","24","  65.9","24","1013.6","24","993.0","24"," 10.0","24"," 10.1","24"," 15.9"," 20.0","  99.0"," ","  79.0"," "," 0.00","G","999.9","000000"
"72259003927","2015-07-25","32.8978","-97.0189","170.7","DAL FTW WSCMO AIRPORT, TX US","  89.5","24","  66.8","24","1013.0","24","992.3","24"," 10.0","24","  8.4","24"," 13.0","999.9","  99.0"," ","  79.0"," "," 0.00","G","999.9","000000"
"72259003927","2015-07-26","32.8978","-97.0189","170.7","DAL FTW WSCMO AIRPORT, TX US","  89.1","24","  66.2","24","1011.3","24","990.8","24"," 10.0","24","  6.5","24","  9.9"," 15.0"," 100.0"," ","  77.0"," "," 0.00","G","999.9","000000"
"72259003927","2015-07-27","32.8978","-97.0189","170.7","DAL FTW WSCMO AIRPORT, TX US","  89.5","24","  67.0","24","1011.2","24","990.6","24"," 10.0","24","  7.5","24"," 14.0"," 18.1"," 100.0"," ","  77.0"," "," 0.00","G","999.9","000000"
"72259003927","2015-07-28","32.8978","-97.0189","170.7","DAL FTW WSCMO AIRPORT, TX US","  89.6","24","  66.2","24","1012.0","24","991.5","24"," 10.0","24"," 11.2","24"," 15.0"," 21.0"," 100.0"," ","  78.1"," "," 0.00","G","999.9","000000"
"72259003927","2015-07-29","32.8978","-97.0189","170.7","DAL FTW WSCMO AIRPORT, TX US","  90.2","24","  65.3","24","1014.1","24","993.6","24"," 10.0","24","  7.9","24"," 13.0"," 15.0"," 102.0"," ","  79.0"," "," 0.00","G","999.9","000000"
"72259003927","2015-07-30","32.8978","-97.0189","170.7","DAL FTW WSCMO AIRPORT, TX US","  91.3","24","  64.1","24","1016.1","24","995.4","24","  9.9","24","  3.8","24"," 11.1"," 14.0"," 104.0"," ","  79.0"," "," 0.00","G","999.9","000000"
"72259003927","2015-07-31","32.8978","-97.0189","170.7","DAL FTW WSCMO AIRPORT, TX US","  90.2","24","  68.4","24","1016.2","24","995.5","24"," 10.0","24","  7.0","24"," 15.0"," 17.1"," 104.0"," ","  80.1"," "," 0.00","G","999.9","000000"
"72259003927","2015-08-01","32.8978","-97.0189","170.7","DAL FTW WSCMO AIRPORT, TX US","  87.9","24","  59.0","24","1015.5","24","994.8","24"," 10.0","24","  4.5","24","  9.9","999.9","  98.1"," ","  78.1"," "," 0.00","G","999.9","000000"
"72259003927","2015-08-02","32.8978","-97.0189","170.7","DAL FTW WSCMO AIRPORT, TX US","  88.8","24","  56.6","24","1012.7","24","992.1","24"," 10.0","24","  6.7","24"," 11.1","999.9","  99.0"," ","  77.0"," "," 0.00","G","999.9","000000"
"72259003927","2015-08-03","32.8978","-97.0189","170.7","DAL FTW WSCMO AIRPORT, TX US","  88.2","24","  58.1","24","1011.0","24","990.5","24"," 10.0","24","  4.8","24"," 11.1","999.9"," 100.9"," ","  77.0"," "," 0.00","G","999.9","000000"
"72259003927","2015-08-04","32.8978","-97.0189","170.7","DAL FTW WSCMO AIRPORT, TX US","  89.2","24","  62.8","24","1011.7","24","991.1","24"," 10.0","24","  7.8","24"," 13.0"," 15.9"," 100.9"," ","  77.0"," "," 0.00","G","999.9","000000"
"72259003927","2015-08-05","32.8978","-97.0189","170.7","DAL FTW WSCMO AIRPORT, TX US","  90.9","24","  68.2","24","1011.8","24","991.2","24"," 10.0","24"," 10.2","24"," 14.0"," 19.0"," 102.9"," ","  79.0"," "," 0.00","G","999.9","000000"
"72259003927","2015-08-06","32.8978","-97.0189","170.7","DAL FTW WSCMO AIRPORT, TX US","  92.2","24","  66.6","24","1010.0","24","989.5","24"," 10.0","24"," 11.9","24"," 21.0"," 26.0"," 102.9"," ","  82.9"," "," 0.00","G","999.9","000000"
"72259003927","2015-08-07","32.8978","-97.0189","170.7","DAL FTW WSCMO AIRPORT, TX US","  92.3","24","  65.5","24","1009.5","24","989.0","24"," 10.0","24"," 11.2","24"," 14.0"," 19.0"," 102.9"," ","  82.0"," "," 0.00","G","999.9","000000"
"72259003927","2015-08-08","32.8978","-97.0189","170.7","DAL FTW WSCMO AIRPORT, TX US","  91.6","24","  66.1","24","1009.9","24","989.4","24"," 10.0","24"," 10.7","24"," 15.0"," 18.1"," 102.9"," ","  81.0"," "," 0.00","G","999.9","000000"
"72259003927","2015-08-09","32.8978","-97.0189","170.7","DAL FTW WSCMO AIRPORT, TX US","  92.2","24","  63.2","24","1011.0","24","990.4","24"," 10.0","24","  9.6","24"," 14.0","999.9"," 106.0"," ","  80.1"," "," 0.00","G","999.9","000000"
"72259003927","2015-08-10","32.8978","-97.0189","170.7","DAL FTW WSCMO AIRPORT, TX US","  93.1","24","  58.7","24","1011.5","24","991.0","24"," 10.0","24","  6.6","24"," 11.1","999.9"," 106.0"," ","  79.0"," "," 0.00","G","999.9","000000"
"72259003927","2015-08-11","32.8978","-97.0189","170.7","DAL FTW WSCMO AIRPORT, TX US","  92.8","24","  64.9","24","1013.6","24","993.1","24"," 10.0","24","  6.0","24"," 14.0"," 19.0"," 106.0"," ","  79.0"," "," 0.00","G","999.9","000000"
"72259003927","2015-08-12","32.8978","-97.0189","170.7","DAL FTW WSCMO AIRPORT, TX US","  89.6","24","  65.3","24","1016.6","24","995.8","24"," 10.0","24","  9.7","24"," 13.0"," 19.0"," 104.0"," ","  79.0"," "," 0.00","G","999.9","000000"
"72259003927","2015-08-13","32.8978","-97.0189","170.7","DAL FTW WSCMO AIRPORT, TX US","  86.9","24","  63.7","24","1016.0","24","995.2","24"," 10.0","24","  6.6","24"," 13.0","999.9","  99.0"," ","  75.9"," "," 0.00","G","999.9","000000"
"72259003927","2015-08-14","32.8978","-97.0189","170.7","DAL FTW WSCMO AIRPORT, TX US","  87.6","24","  60.9","24","1015.5","24","994.7","24"," 10.0","24","  7.5","24"," 11.1"," 15.0","  98.1"," ","  75.9"," "," 0.00","G","999.9","000000"
"72259003927","2015-08-15","32.8978","-97.0189","170.7","DAL FTW WSCMO AIRPORT, TX US","  86.1","24","  59.7","24","1015.8","24","995.0","24"," 10.0","24","  6.5","24"," 11.1"," 14.0","  97.0"," ","  75.9"," "," 0.00","G","999.9","000000"
"72259003927","2015-08-16","32.8978","-97.0189","170.7","DAL FTW WSCMO AIRPORT, TX US","  86.2","24","  59.1","24","1014.2","24","993.4","24"," 10.0","24","  4.0","24","  9.9","999.9","  98.1"," ","  73.9"," "," 0.00","G","999.9","000000"
"72259003927","2015-08-17","32.8978","-97.0189","170.7","DAL FTW WSCMO AIRPORT, TX US","  86.5","24","  63.8","24","1012.8","24","992.0","24"," 10.0","24","  5.6","24","  8.9","999.9","  98.1"," ","  73.9"," "," 0.00","G","999.9","000000"
"72259003927","2015-08-18","32.8978","-97.0189","170.7","DAL FTW WSCMO AIRPORT, TX US","  88.0","24","  65.0","24","1009.4","24","988.6","24"," 10.0","24"," 10.2","24"," 15.9"," 22.0","  99.0"," ","  75.9"," "," 0.00","G","999.9","000000"
"72259003927","2015-08-19","32.8978","-97.0189","170.7","DAL FTW WSCMO AIRPORT, TX US","  86.4","24","  67.1","24","1007.5","24","987.2","24"," 10.0","24"," 12.9","24"," 24.1"," 28.0","  96.1","*","  79.0","*"," 0.00","G","999.9","000000"
"72259003927","2015-08-20","32.8978","-97.0189","170.7","DAL FTW WSCMO AIRPORT, TX US","  70.5","24","  61.7","24","1014.6","22","993.7","24","  9.7","24","  7.6","24"," 19.0"," 22.0","  79.0","*","  64.4","*"," 0.43","G","999.9","010000"
"72259003927","2015-08-21","32.8978","-97.0189","170.7","DAL FTW WSCMO AIRPORT, TX US","  77.8","24","  68.0","24","1013.6","18","993.1","24","  9.2","24","  8.8","24"," 15.9"," 21.0","  93.0"," ","  64.9"," "," 0.03","G","999.9","000000"
"72259003927","2015-08-22","32.8978","-97.0189","170.7","DAL FTW WSCMO AIRPORT, TX US","  84.5","24","  70.5","24","1011.5","19","991.1","24"," 10.0","24"," 11.7","24"," 17.1"," 22.9","  97.0"," ","  71.1"," "," 0.00","G","999.9","000000"
"72259003927","2015-08-23","32.8978","-97.0189","170.7","DAL FTW WSCMO AIRPORT, TX US","  88.2","24","  70.8","24","1012.5","24","992.1","24"," 10.0","24","  9.8","24"," 15.0"," 21.0","  98.1"," ","  75.9"," "," 0.00","G","999.9","000000"
"72259003927","2015-08-24","32.8978","-97.0189","170.7","DAL FTW WSCMO AIRPORT, TX US","  87.8","24","  71.2","24","1015.7","24","995.0","24"," 10.0","24","  5.4","24"," 11.1","999.9"," 100.0"," ","  78.1"," "," 0.00","G","999.9","000010"
"72259003927","2015-08-25","32.8978","-97.0189","170.7","DAL FTW WSCMO AIRPORT, TX US","  85.8","24","  69.0","24","1016.3","24","995.6","24"," 10.0","24","  6.5","24","  9.9","999.9"," 100.0"," ","  78.1"," "," 0.00","G","999.9","000000"
"72259003927","2015-08-26","32.8978","-97.0189","170.7","DAL FTW WSCMO AIRPORT, TX US","  83.7","24","  65.3","24","1018.1","24","997.2","24"," 10.0","24","  5.6","24","  8.0","999.9","  95.0"," ","  73.9"," "," 0.00","G","999.9","000000"
"72259003927","2015-08-27","32.8978","-97.0189","170.7","DAL FTW WSCMO AIRPORT, TX US","  83.8","24","  58.2","24","1016.6","24","995.7","24"," 10.0","24","  5.8","24"," 13.0","999.9","  97.0"," ","  72.0"," "," 0.00","G","999.9","000000"
"72259003927","2015-08-28","32.8978","-97.0189","170.7","DAL FTW WSCMO AIRPORT, TX US","  83.2","24","  61.4","24","1014.2","24","993.4","24"," 10.0","24","  7.5","24"," 13.0"," 15.0","  97.0"," ","  72.0"," "," 0.00","G","999.9","000000"
"72259003927","2015-08-29","32.8978","-97.0189","170.7","DAL FTW WSCMO AIRPORT, TX US","  86.6","24","  63.2","24","1013.7","24","993.0","24"," 10.0","24","  9.0","24"," 15.0","999.9","  97.0"," ","  72.0"," "," 0.00","G","999.9","000000"
"72259003927","2015-08-30","32.8978","-97.0189","170.7","DAL FTW WSCMO AIRPORT, TX US","  85.2","24","  62.8","24","1013.6","24","992.9","24"," 10.0","24","  7.2","24"," 14.0"," 18.1","  97.0"," ","  75.0"," "," 0.00","G","999.9","000000"
"72259003927","2015-08-31","32.8978","-97.0189","170.7","DAL FTW WSCMO AIRPORT, TX US","  84.4","24","  62.8","24","1013.9","24","993.3","24"," 10.0","24","  7.5","24"," 14.0"," 15.0","  97.0"," ","  73.9"," "," 0.00","G","999.9","000000"
"72259003927","2015-09-01","32.8978","-97.0189","170.7","DAL FTW WSCMO AIRPORT, TX US","  84.9","24","  65.1","24","1014.7","24","994.0","24"," 10.0","24","  8.7","24"," 12.0"," 24.1","  95.0"," ","  73.9"," "," 0.00","G","999.9","000000"
"72259003927","2015-09-02","32.8978","-97.0189","170.7","DAL FTW WSCMO AIRPORT, TX US","  83.9","24","  65.4","24","1015.5","24","994.7","24"," 10.0","24","  8.0","24"," 13.0","999.9","  95.0"," ","  73.0"," "," 0.00","G","999.9","000000"
"72259003927","2015-09-03","32.8978","-97.0189","170.7","DAL FTW WSCMO AIRPORT, TX US","  85.2","24","  64.6","24","1013.0","24","992.3","24"," 10.0","24","  7.1","24"," 11.1"," 17.1","  95.0"," ","  75.0"," "," 0.00","G","999.9","000000"
"72259003927","2015-09-04","32.8978","-97.0189","170.7","DAL FTW WSCMO AIRPORT, TX US","  85.8","24","  67.6","24","1011.8","24","991.2","24"," 10.0","24","  7.3","24"," 11.1"," 14.0","  96.1"," ","  75.0"," "," 0.00","G","999.9","000000"
"72259003927","2015-09-05","32.8978","-97.0189","170.7","DAL FTW WSCMO AIRPORT, TX US","  87.1","24","  69.8","24","1013.3","24","992.7","24"," 10.0","24","  8.0","24"," 12.0"," 18.1","  96.1"," ","  78.1"," "," 0.00","G","999.9","000000"
"72259003927","2015-09-06","32.8978","-97.0189","170.7","DAL FTW WSCMO AIRPORT, TX US","  87.7","24","  69.9","24","1013.4","24","992.7","24"," 10.0","24","  7.0","24"," 12.0","999.9"," 100.0"," ","  79.0"," "," 0.00","G","999.9","000000"
"72259003927","2015-09-07","32.8978","-97.0189","170.7","DAL FTW WSCMO AIRPORT, TX US","  89.7","24","  67.1","24","1012.3","24","991.6","24"," 10.0","24","  6.2","24","  9.9"," 18.1"," 100.9"," ","  79.0"," "," 0.00","G","999.9","000000"
"72259003927","2015-09-08","32.8978","-97.0189","170.7","DAL FTW WSCMO AIRPORT, TX US","  89.9","24","  67.8","24","1010.7","24","990.0","24"," 10.0","24","  9.4","24"," 14.0"," 17.1"," 100.9"," ","  79.0"," "," 0.00","G","999.9","000000"
"72259003927","2015-09-09","32.8978","-97.0189","170.7","DAL FTW WSCMO AIRPORT, TX US","  83.2","24","  69.7","24","1010.8","22","990.5","24","  8.4","24","  6.7","24"," 20.0"," 27.0","  99.0"," ","  73.0"," "," 1.65","G","999.9","010010"
"72259003927","2015-09-10","32.8978","-97.0189","170.7","DAL FTW WSCMO AIRPORT, TX US","  81.5","24","  70.6","24","1012.5","24","991.7","24"," 10.0","24","  2.2","24","  7.0","999.9","  93.9"," ","  73.0"," "," 0.35","G","999.9","000000"
"72259003927","2015-09-11","32.8978","-97.0189","170.7","DAL FTW WSCMO AIRPORT, TX US","  83.7","24","  65.8","24","1012.6","24","992.0","24"," 10.0","24","  7.7","24"," 18.1"," 25.1","  93.9"," ","  73.9"," "," 0.00","G","999.9","000000"
"72259003927","2015-09-12","32.8978","-97.0189","170.7","DAL FTW WSCMO AIRPORT, TX US","  76.9","24","  53.6","24","1017.5","24","996.5","24"," 10.0","24"," 10.1","24"," 18.1"," 22.0","  93.9"," ","  66.0"," "," 0.00","G","999.9","000000"
"72259003927","2015-09-13","32.8978","-97.0189","170.7","DAL FTW WSCMO AIRPORT, TX US","  76.5","24","  48.1","24","1016.0","24","995.0","24"," 10.0","24","  6.4","24"," 15.9"," 22.0","  91.0"," ","  64.0"," "," 0.00","G","999.9","000000"
"72259003927","2015-09-14","32.8978","-97.0189","170.7","DAL FTW WSCMO AIRPORT, TX US","  80.1","24","  53.4","24","1014.7","24","994.0","24"," 10.0","24"," 12.4","24"," 17.1"," 24.1","  91.0"," ","  64.0"," "," 0.00","G","999.9","000000"
"72259003927","2015-09-15","32.8978","-97.0189","170.7","DAL FTW WSCMO AIRPORT, TX US","  77.5","24","  58.5","24","1015.9","22","995.4","24"," 10.0","24","  9.0","24"," 13.0","999.9","  90.0"," ","  69.1"," "," 0.00","G","999.9","000000"
"72259003927","2015-09-16","32.8978","-97.0189","170.7","DAL FTW WSCMO AIRPORT, TX US","  82.6","24","  68.8","24","1016.5","23","995.8","24"," 10.0","24"," 10.7","24"," 15.9"," 20.0","  91.9"," ","  69.1"," "," 0.00","G","999.9","000000"
"72259003927","2015-09-17","32.8978","-97.0189","170.7","DAL FTW WSCMO AIRPORT, TX US","  84.2","24","  67.8","24","1014.0","23","993.5","24"," 10.0","24"," 11.0","24"," 17.1"," 25.1","  93.9"," ","  75.0"," "," 0.00","G","999.9","000000"
"72259003927","2015-09-18","32.8978","-97.0189","170.7","DAL FTW WSCMO AIRPORT, TX US","  85.5","24","  66.1","24","1010.7","24","990.0","24"," 10.0","24"," 10.5","24"," 14.0"," 21.0","  95.0"," ","  75.0"," "," 0.00","G","999.9","000000"
"72259003927","2015-09-19","32.8978","-97.0189","170.7","DAL FTW WSCMO AIRPORT, TX US","  82.2","24","  66.4","24","1012.1","24","991.6","24","  9.7","24","  7.4","24"," 13.0"," 22.0","  95.0"," ","  73.9"," "," 0.00","G","999.9","010000"
"72259003927","2015-09-20","32.8978","-97.0189","170.7","DAL FTW WSCMO AIRPORT, TX US","  78.7","24","  67.2","24","1014.8","24","994.0","24"," 10.0","24","  6.4","24"," 15.9"," 20.0","  88.0"," ","  72.0"," "," 0.14","G","999.9","000000"
"72259003927","2015-09-21","32.8978","-97.0189","170.7","DAL FTW WSCMO AIRPORT, TX US","  78.1","24","  62.5","24","1015.0","24","994.1","24"," 10.0","24","  5.3","24"," 14.0","999.9","  95.0"," ","  69.1"," "," 0.00","G","999.9","000000"
"72259003927","2015-09-22","32.8978","-97.0189","170.7","DAL FTW WSCMO AIRPORT, TX US","  82.7","24","  63.1","24","1015.1","24","994.4","24"," 10.0","24","  5.2","24","  8.0","999.9","  95.0"," ","  69.1"," "," 0.00","G","999.9","000000"
"72259003927","2015-09-23","32.8978","-97.0189","170.7","DAL FTW WSCMO AIRPORT, TX US","  82.7","24","  56.6","24","1016.1","24","995.2","24"," 10.0","24","  6.3","24","  8.9","999.9","  93.9"," ","  71.1"," "," 0.00","G","999.9","000000"
"72259003927","2015-09-24","32.8978","-97.0189","170.7","DAL FTW WSCMO AIRPORT, TX US","  80.2","24","  53.5","24","1015.9","24","995.1","24"," 10.0","24","  3.8","24","  9.9","999.9","  93.0"," ","  70.0"," "," 0.00","G","999.9","000000"
"72259003927","2015-09-25","32.8978","-97.0189","170.7","DAL FTW WSCMO AIRPORT, TX US","  82.3","24","  59.6","24","1016.5","24","995.6","24"," 10.0","24","  4.7","24"," 13.0","999.9","  93.0"," ","  70.0"," "," 0.00","G","999.9","000000"
"72259003927","2015-09-26","32.8978","-97.0189","170.7","DAL FTW WSCMO AIRPORT, TX US","  79.9","24","  55.5","24","1014.8","24","994.0","24"," 10.0","24","  5.1","24","  8.9","999.9","  93.0"," ","  66.9"," "," 0.00","G","999.9","000000"
"72259003927","2015-09-27","32.8978","-97.0189","170.7","DAL FTW WSCMO AIRPORT, TX US","  78.8","24","  53.6","24","1012.9","24","992.0","24"," 10.0","24","  5.4","24","  8.9","999.9","  91.0"," ","  66.9"," "," 0.00","G","999.9","000000"
"72259003927","2015-09-28","32.8978","-97.0189","170.7","DAL FTW WSCMO AIRPORT, TX US","  79.0","24","  58.0","24","1011.0","24","990.2","24","  9.9","24","  5.6","24","  8.9","999.9","  91.0"," ","  66.9"," "," 0.00","G","999.9","000000"
"72259003927","2015-09-29","32.8978","-97.0189","170.7","DAL FTW WSCMO AIRPORT, TX US","  81.1","24","  62.9","24","1011.0","24","990.4","24"," 10.0","24","  5.6","24"," 13.0"," 15.9","  91.9"," ","  68.0"," "," 0.00","G","999.9","000000"
"72259003927","2015-09-30","32.8978","-97.0189","170.7","DAL FTW WSCMO AIRPORT, TX US","  80.2","24","  59.9","24","1014.0","24","993.4","24"," 10.0","24","  6.7","24"," 12.0","999.9","  91.9"," ","  70.0"," "," 0.00","G","999.9","000000"
"72259003927","2015-10-01","32.8978","-97.0189","170.7","DAL FTW WSCMO AIRPORT, TX US","  74.5","24","  60.8","24","1016.8","24","996.0","24"," 10.0","24","  7.8","24"," 12.0","999.9","  91.9"," ","  64.9"," "," 0.00","G","999.9","000000"
"72259003927","2015-10-02","32.8978","-97.0189","170.7","DAL FTW WSCMO AIRPORT, TX US","  69.3","24","  50.7","24","1017.4","24","996.1","24"," 10.0","24","  8.0","24"," 12.0"," 19.0","  81.0"," ","  57.0"," "," 0.00","G","999.9","000000"
"72259003927","2015-10-03","32.8978","-97.0189","170.7","DAL FTW WSCMO AIRPORT, TX US","  66.9","24","  44.6","24","1013.3","24","992.3","24"," 10.0","24","  6.2","24"," 11.1","999.9","  81.0"," ","  54.0"," "," 0.00","G","999.9","000000"
"72259003927","2015-10-04","32.8978","-97.0189","170.7","DAL FTW WSCMO AIRPORT, TX US","  68.2","24","  48.8","24","1014.5","24","993.5","24"," 10.0","24","  5.6","24","  9.9","999.9","  81.0"," ","  54.0"," "," 0.00","G","999.9","000000"
"72259003927","2015-10-05","32.8978","-97.0189","170.7","DAL FTW WSCMO AIRPORT, TX US","  71.5","24","  52.6","24","1017.0","24","996.0","24"," 10.0","24","  6.9","24"," 13.0","999.9","  82.0"," ","  57.9"," "," 0.00","G","999.9","000000"
"72259003927","2015-10-06","32.8978","-97.0189","170.7","DAL FTW WSCMO AIRPORT, TX US","  69.0","24","  55.0","24","1019.0","22","997.9","24","  9.7","24","  5.9","24"," 11.1","999.9","  84.0"," ","  57.9"," "," 0.00","G","999.9","000000"
"72259003927","2015-10-07","32.8978","-97.0189","170.7","DAL FTW WSCMO AIRPORT, TX US","  76.2","24","  58.8","24","1017.1","24","996.2","24"," 10.0","24","  4.6","24","  9.9","999.9","  89.1"," ","  57.9"," "," 0.00","G","999.9","000000"
"72259003927","2015-10-08","32.8978","-97.0189","170.7","DAL FTW WSCMO AIRPORT, TX US","  79.4","24","  59.2","24","1016.1","24","995.2","24","  9.9","24","  3.7","24","  9.9","999.9","  91.0"," ","  66.0"," "," 0.00","G","999.9","000000"
"72259003927","2015-10-09","32.8978","-97.0189","170.7","DAL FTW WSCMO AIRPORT, TX US","  80.0","24","  60.5","24","1017.8","24","997.0","24","  9.7","24","  6.8","24"," 19.0"," 24.1","  91.0"," ","  68.0"," "," 0.00","G","999.9","000000"
"72259003927","2015-10-10","32.8978","-97.0189","170.7","DAL FTW WSCMO AIRPORT, TX US","  70.7","24","  54.7","24","1021.4","24","000.2","24"," 10.0","24","  7.2","24"," 15.9","999.9","  90.0"," ","  59.0"," "," 0.00","G","999.9","000000"
"72259003927","2015-10-11","32.8978","-97.0189","170.7","DAL FTW WSCMO AIRPORT, TX US","  76.9","24","  51.9","24","1013.9","24","992.6","24"," 10.0","24","  8.2","24"," 17.1"," 21.0","  95.0"," ","  61.0"," "," 0.00","G","999.9","000000"
"72259003927","2015-10-12","32.8978","-97.0189","170.7","DAL FTW WSCMO AIRPORT, TX US","  83.9","24","  60.0","24","1006.4","24","986.0","24"," 10.0","24"," 10.7","24"," 15.0"," 18.1","  95.0"," ","  64.9"," "," 0.00","G","999.9","000000"
"72259003927","2015-10-13","32.8978","-97.0189","170.7","DAL FTW WSCMO AIRPORT, TX US","  75.7","24","  41.2","24","1014.1","24","993.3","24"," 10.0","24","  7.0","24"," 17.1"," 21.0","  93.9"," ","  55.9"," "," 0.00","G","999.9","000000"
"72259003927","2015-10-14","32.8978","-97.0189","170.7","DAL FTW WSCMO AIRPORT, TX US","  77.7","24","  38.1","24","1015.7","24","994.8","24"," 10.0","24","  6.3","24"," 11.1"," 15.0","  96.1"," ","  55.9"," "," 0.00","G","999.9","000000"
"72259003927","2015-10-15","32.8978","-97.0189","170.7","DAL FTW WSCMO AIRPORT, TX US","  79.0","24","  39.3","24","1016.0","24","995.2","24"," 10.0","24"," 10.0","24"," 15.9"," 22.9","  96.1"," ","  57.0"," "," 0.00","G","999.9","000000"
"72259003927","2015-10-16","32.8978","-97.0189","170.7","DAL FTW WSCMO AIRPORT, TX US","  76.9","24","  46.8","24","1020.5","24","999.7","24"," 10.0","24","  9.7","24"," 13.0"," 17.1","  95.0"," ","  63.0"," "," 0.00","G","999.9","000000"
"72259003927","2015-10-17","32.8978","-97.0189","170.7","DAL FTW WSCMO AIRPORT, TX US","  68.3","24","  40.3","24","1025.1","24","003.9","24"," 10.0","24","  7.6","24"," 13.0"," 14.0","  84.9"," ","  57.9"," "," 0.00","G","999.9","000000"
"72259003927","2015-10-18","32.8978","-97.0189","170.7","DAL FTW WSCMO AIRPORT, TX US","  66.1","24","  33.3","24","1026.2","24","004.8","24"," 10.0","24","  6.8","24"," 11.1","999.9","  79.0"," ","  54.0"," "," 0.00","G","999.9","000000"
"72259003927","2015-10-19","32.8978","-97.0189","170.7","DAL FTW WSCMO AIRPORT, TX US","  68.1","24","  34.5","24","1023.1","24","001.9","24"," 10.0","24","  8.0","24"," 12.0"," 17.1","  82.9"," ","  54.0"," "," 0.00","G","999.9","000000"
"72259003927","2015-10-20","32.8978","-97.0189","170.7","DAL FTW WSCMO AIRPORT, TX US","  71.5","24","  45.4","24","1018.8","24","997.6","24"," 10.0","24","  9.5","24"," 14.0"," 21.0","  84.0"," ","  55.0"," "," 0.00","G","999.9","000000"
"72259003927","2015-10-21","32.8978","-97.0189","170.7","DAL FTW WSCMO AIRPORT, TX US","  75.0","24","  62.6","24","1018.3","23","997.5","24","  9.7","24","  8.9","24"," 14.0"," 17.1","  86.0"," ","  60.1"," "," 0.00","G","999.9","000000"
"72259003927","2015-10-22","32.8978","-97.0189","170.7","DAL FTW WSCMO AIRPORT, TX US","  73.1","24","  62.2","24","1016.4","21","995.0","24","  9.3","24"," 10.2","24"," 19.0"," 24.1","  86.0"," ","  66.0"," "," 0.00","G","999.9","010000"
"72259003927","2015-10-23","32.8978","-97.0189","170.7","DAL FTW WSCMO AIRPORT, TX US","  70.6","24","  67.9","24","1012.2","11","991.5","24","  7.0","24","  5.8","24"," 26.0"," 32.1","  78.1"," ","  66.0"," "," 2.90","G","999.9","110010"
"72259003927","2015-10-24","32.8978","-97.0189","170.7","DAL FTW WSCMO AIRPORT, TX US","  67.1","24","  63.6","24","1015.2","15","993.6","24","  7.3","24"," 10.9","24"," 18.1"," 24.1","  75.9"," ","  60.1"," "," 4.59","G","999.9","010010"
"72259003927","2015-10-25","32.8978","-97.0189","170.7","DAL FTW WSCMO AIRPORT, TX US","  60.7","24","  53.4","24","1018.8","20","997.5","24","  9.5","24"," 13.7","24"," 18.1"," 24.1","  69.1"," ","  57.0"," "," 0.12","G","999.9","010000"
"72259003927","2015-10-26","32.8978","-97.0189","170.7","DAL FTW WSCMO AIRPORT, TX US","  64.3","24","  49.2","24","1016.3","24","995.1","24"," 10.0","24"," 11.3","24"," 15.0"," 19.0","  77.0"," ","  55.0"," "," 0.03","G","999.9","000000"
"72259003927","2015-10-27","32.8978","-97.0189","170.7","DAL FTW WSCMO AIRPORT, TX US","  67.2","24","  54.3","24","1010.8","24","989.6","24"," 10.0","24","  6.3","24","  8.9","999.9","  79.0"," ","  55.9"," "," 0.00","G","999.9","000000"
"72259003927","2015-10-28","32.8978","-97.0189","170.7","DAL FTW WSCMO AIRPORT, TX US","  66.4","24","  50.5","24","1007.4","24","986.7","24"," 10.0","24","  9.3","24"," 22.9"," 29.9","  79.0"," ","  55.0"," "," 0.00","G","999.9","000000"
"72259003927","2015-10-29","32.8978","-97.0189","170.7","DAL FTW WSCMO AIRPORT, TX US","  65.0","24","  48.3","24","1012.0","24","991.0","24"," 10.0","24","  4.8","24","  8.9","999.9","  78.1"," ","  51.1"," "," 0.00","G","999.9","000000"
"72259003927","2015-10-30","32.8978","-97.0189","170.7","DAL FTW WSCMO AIRPORT, TX US","  65.7","24","  55.3","24","1010.2","17","987.8","24","  8.0","24"," 11.5","24"," 22.9"," 35.0","  78.1"," ","  54.0"," "," 0.01","G","999.9","010010"
"72259003927","2015-10-31","32.8978","-97.0189","170.7","DAL FTW WSCMO AIRPORT, TX US","  65.8","24","  62.5","24","1007.0","16","985.5","24","  6.2","24","  9.7","24"," 22.9"," 31.1","  69.1"," ","  62.1"," "," 2.23","G","999.9","010010"
"72259003927","2015-11-01","32.8978","-97.0189","170.7","DAL FTW WSCMO AIRPORT, TX US","  60.9","24","  54.6","24","1013.4","18","992.5","24"," 10.0","24","  6.1","24"," 12.0","999.9","  68.0"," ","  59.0"," "," 0.01","G","999.9","010000"
"72259003927","2015-11-02","32.8978","-97.0189","170.7","DAL FTW WSCMO AIRPORT, TX US","  61.4","24","  56.3","24","1014.1","17","993.1","24","  5.4","24","  4.0","24","  9.9","999.9","  73.9"," ","  52.0"," "," 0.01","G","999.9","100000"
"72259003927","2015-11-03","32.8978","-97.0189","170.7","DAL FTW WSCMO AIRPORT, TX US","  64.1","24","  58.6","24","1015.1","20","994.3","24","  7.8","24","  7.6","24"," 11.1","999.9","  73.9"," ","  53.1"," "," 0.00","G","999.9","000000"
"72259003927","2015-11-04","32.8978","-97.0189","170.7","DAL FTW WSCMO AIRPORT, TX US","  66.3","24","  59.7","24","1016.1","22","995.2","24","  9.1","24","  8.9","24"," 13.0"," 18.1","  75.9"," ","  57.0"," "," 0.00","G","999.9","000000"
"72259003927","2015-11-05","32.8978","-97.0189","170.7","DAL FTW WSCMO AIRPORT, TX US","  72.6","24","  66.9","24","1013.7","17","992.4","24","  8.7","24"," 11.0","24"," 21.0"," 28.0","  81.0"," ","  60.1"," "," 0.05","G","999.9","010010"
"72259003927","2015-11-06","32.8978","-97.0189","170.7","DAL FTW WSCMO AIRPORT, TX US","  66.1","24","  49.8","24","1016.9","24","995.9","24","  9.7","24","  8.9","24"," 21.0"," 22.0","  81.0"," ","  55.9"," "," 0.10","G","999.9","010000"
"72259003927","2015-11-07","32.8978","-97.0189","170.7","DAL FTW WSCMO AIRPORT, TX US","  61.5","24","  50.6","24","1021.0","20","000.4","24"," 10.0","24","  9.6","24"," 15.9"," 22.9","  70.0"," ","  55.9"," "," 0.16","G","999.9","010000"
"72259003927","2015-11-08","32.8978","-97.0189","170.7","DAL FTW WSCMO AIRPORT, TX US","  56.1","24","  37.1","24","1024.9","22","003.8","24"," 10.0","24","  7.7","24"," 12.0","999.9","  69.1"," ","  46.0"," "," 0.01","G","999.9","000000"
"72259003927","2015-11-09","32.8978","-97.0189","170.7","DAL FTW WSCMO AIRPORT, TX US","  58.5","24","  42.2","24","1019.1","24","999.2","24"," 10.0","24","  3.4","24","  7.0","999.9","  68.0"," ","  46.0"," "," 0.00","G","999.9","000000"
"72259003927","2015-11-10","32.8978","-97.0189","170.7","DAL FTW WSCMO AIRPORT, TX US","  62.0","24","  51.3","24","1016.7","24","995.2","24"," 10.0","24","  7.9","24"," 18.1"," 24.1","  77.0"," ","  51.1"," "," 0.00","G","999.9","000000"
"72259003927","2015-11-11","32.8978","-97.0189","170.7","DAL FTW WSCMO AIRPORT, TX US","  73.9","24","  60.3","24","1009.4","21","988.6","24"," 10.0","24"," 15.4","24"," 21.0"," 28.9","  82.9","*","  69.1","*"," 0.00","G","999.9","010000"
"72259003927","2015-11-12","32.8978","-97.0189","170.7","DAL FTW WSCMO AIRPORT, TX US","  60.7","24","  32.8","24","1020.1","24","998.8","24"," 10.0","24"," 10.0","24"," 21.0"," 26.0","  82.9"," ","  46.9"," "," 0.00","G","999.9","000000"
"72259003927","2015-11-13","32.8978","-97.0189","170.7","DAL FTW WSCMO AIRPORT, TX US","  56.5","24","  36.9","24","1025.2","24","003.7","24"," 10.0","24","  5.3","24","  9.9","999.9","  68.0"," ","  45.0"," "," 0.00","G","999.9","000000"
"72259003927","2015-11-14","32.8978","-97.0189","170.7","DAL FTW WSCMO AIRPORT, TX US","  55.3","24","  37.1","24","1026.1","24","004.5","24"," 10.0","24","  5.0","24"," 11.1","999.9","  68.0"," ","  46.9"," "," 0.00","G","999.9","000000"
"72259003927","2015-11-15","32.8978","-97.0189","170.7","DAL FTW WSCMO AIRPORT, TX US","  58.7","24","  43.0","24","1023.5","24","001.9","24"," 10.0","24","  8.0","24"," 13.0"," 17.1","  64.9"," ","  46.9"," "," 0.00","G","999.9","010010"
"72259003927","2015-11-16","32.8978","-97.0189","170.7","DAL FTW WSCMO AIRPORT, TX US","  60.1","24","  56.4","24","1012.7","17","992.0","24","  5.1","24","  9.5","24"," 14.0"," 21.0","  68.0","*","  53.6","*"," 0.50","G","999.9","010010"
"72259003927","2015-11-17","32.8978","-97.0189","170.7","DAL FTW WSCMO AIRPORT, TX US","  64.4","24","  56.1","24","1001.0","20","980.4","24","  8.4","24"," 13.5","24"," 31.1"," 42.0","  75.9"," ","  53.1"," "," 0.83","G","999.9","010010"
"72259003927","2015-11-18","32.8978","-97.0189","170.7","DAL FTW WSCMO AIRPORT, TX US","  58.1","24","  35.3","24","1006.1","24","985.2","24"," 10.0","24"," 10.2","24"," 15.0"," 22.0","  75.9"," ","  48.9"," "," 0.17","G","999.9","000000"
"72259003927","2015-11-19","32.8978","-97.0189","170.7","DAL FTW WSCMO AIRPORT, TX US","  57.5","24","  44.6","24","1015.6","24","994.6","24"," 10.0","24","  6.5","24"," 14.0","999.9","  71.1"," ","  46.0"," "," 0.00","G","999.9","000000"
"72259003927","2015-11-20","32.8978","-97.0189","170.7","DAL FTW WSCMO AIRPORT, TX US","  60.3","24","  47.0","24","1018.4","24","996.8","24"," 10.0","24","  7.9","24"," 18.1"," 24.1","  73.9"," ","  46.9"," "," 0.00","G","999.9","000000"
"72259003927","2015-11-21","32.8978","-97.0189","170.7","DAL FTW WSCMO AIRPORT, TX US","  55.8","24","  39.4","24","1019.5","22","998.0","24"," 10.0","24"," 14.2","24"," 26.0"," 38.1","  73.9"," ","  46.9"," "," 0.00","G","999.9","000000"
"72259003927","2015-11-22","32.8978","-97.0189","170.7","DAL FTW WSCMO AIRPORT, TX US","  42.9","24","  25.2","24","1026.3","24","004.2","24"," 10.0","24","  6.0","24"," 14.0","999.9","  60.1"," ","  30.0"," "," 0.00","G","999.9","000000"
"72259003927","2015-11-23","32.8978","-97.0189","170.7","DAL FTW WSCMO AIRPORT, TX US","  48.0","24","  29.4","24","1023.9","24","002.1","24"," 10.0","24","  5.9","24"," 12.0","999.9","  64.0"," ","  32.0"," "," 0.00","G","999.9","000000"
"72259003927","2015-11-24","32.8978","-97.0189","170.7","DAL FTW WSCMO AIRPORT, TX US","  54.6","24","  38.4","24","1020.6","24","999.1","24"," 10.0","24","  8.8","24"," 15.0"," 20.0","  66.0"," ","  37.0"," "," 0.00","G","999.9","000000"
"72259003927","2015-11-25","32.8978","-97.0189","170.7","DAL FTW WSCMO AIRPORT, TX US","  65.6","24","  56.2","24","1016.5","23","995.3","24","  9.8","24"," 13.6","24"," 18.1"," 29.9","  75.0","*","  62.1","*"," 0.00","G","999.9","010000"
"72259003927","2015-11-26","32.8978","-97.0189","170.7","DAL FTW WSCMO AIRPORT, TX US","  68.7","24","  62.2","24","1018.4","16","997.4","24","  9.1","24"," 13.0","24"," 18.1"," 24.1","  75.0"," ","  61.0"," "," 0.00","G","999.9","010000"
"72259003927","2015-11-27","32.8978","-97.0189","170.7","DAL FTW WSCMO AIRPORT, TX US","  55.7","24","  52.7","24","1021.4","11","999.0","24","  5.1","24"," 11.8","24"," 21.0"," 24.1","  72.0"," ","  39.9"," "," 4.38","G","999.9","010010"
"72259003927","2015-11-28","32.8978","-97.0189","170.7","DAL FTW WSCMO AIRPORT, TX US","  39.6","24","  35.9","24","1023.6","15","001.8","24","  7.4","24"," 13.2","24"," 20.0"," 22.9","  42.1","*","  37.4","*"," 2.56","G","999.9","010010"
"72259003927","2015-11-29","32.8978","-97.0189","170.7","DAL FTW WSCMO AIRPORT, TX US","  41.7","24","  37.7","24","1022.1","15","000.6","24","  7.5","24","  9.3","24"," 14.0","999.9","  44.1"," ","  37.9"," "," 0.39","G","999.9","010000"
"72259003927","2015-11-30","32.8978","-97.0189","170.7","DAL FTW WSCMO AIRPORT, TX US","  45.2","24","  41.1","24","1017.6","17","996.0","24","  7.2","24","  6.3","24","  9.9","999.9","  50.0"," ","  39.9"," "," 0.70","G","999.9","010000"
"72259003927","2015-12-01","32.8978","-97.0189","170.7","DAL FTW WSCMO AIRPORT, TX US","  45.5","24","  37.9","24","1017.5","24","995.9","24"," 10.0","24","  4.5","24","  8.0","999.9","  52.0"," ","  37.9"," "," 0.00","G","999.9","000000"
"72259003927","2015-12-02","32.8978","-97.0189","170.7","DAL FTW WSCMO AIRPORT, TX US","  47.0","24","  35.4","24","1019.3","24","997.9","24"," 10.0","24","  6.6","24"," 15.0"," 21.0","  60.1"," ","  37.9"," "," 0.00","G","999.9","000000"
"72259003927","2015-12-03","32.8978","-97.0189","170.7","DAL FTW WSCMO AIRPORT, TX US","  48.3","24","  34.8","24","1026.2","24","004.5","24"," 10.0","24","  4.6","24","  9.9","999.9","  61.0"," ","  35.1"," "," 0.00","G","999.9","000000"
"72259003927","2015-12-04","32.8978","-97.0189","170.7","DAL FTW WSCMO AIRPORT, TX US","  49.6","24","  37.2","24","1029.9","24","008.1","24"," 10.0","24","  3.5","24","  8.0","999.9","  61.0"," ","  36.0"," "," 0.00","G","999.9","000000"
"72259003927","2015-12-05","32.8978","-97.0189","170.7","DAL FTW WSCMO AIRPORT, TX US","  47.6","24","  35.3","24","1030.2","24","008.2","24"," 10.0","24","  6.6","24"," 14.0","999.9","  61.0"," ","  37.0"," "," 0.00","G","999.9","000000"
"72259003927","2015-12-06","32.8978","-97.0189","170.7","DAL FTW WSCMO AIRPORT, TX US","  51.2","24","  38.9","24","1028.3","24","006.6","24"," 10.0","24","  6.0","24"," 12.0","999.9","  64.9"," ","  37.0"," "," 0.00","G","999.9","000000"
"72259003927","2015-12-07","32.8978","-97.0189","170.7","DAL FTW WSCMO AIRPORT, TX US","  52.2","24","  37.7","24","1025.6","24","003.7","24","  9.8","24","  4.3","24","  8.0","999.9","  68.0"," ","  37.9"," "," 0.00","G","999.9","000000"
"72259003927","2015-12-08","32.8978","-97.0189","170.7","DAL FTW WSCMO AIRPORT, TX US","  55.8","24","  43.0","24","1015.8","24","994.1","24","  9.9","24","  9.5","24"," 15.9"," 22.9","  72.0","*","  44.1","*"," 0.00","G","999.9","000000"
"72259003927","2015-12-09","32.8978","-97.0189","170.7","DAL FTW WSCMO AIRPORT, TX US","  58.3","24","  41.5","24","1013.9","24","992.7","24"," 10.0","24","  4.5","24","  8.9","999.9","  72.0"," ","  44.1"," "," 0.00","G","999.9","000000"
"72259003927","2015-12-10","32.8978","-97.0189","170.7","DAL FTW WSCMO AIRPORT, TX US","  59.5","24","  44.9","24","1008.8","24","987.5","23"," 10.0","24","  8.0","24"," 17.1"," 19.0","  75.9"," ","  46.9"," "," 0.00","G","999.9","000000"
"72259003927","2015-12-11","32.8978","-97.0189","170.7","DAL FTW WSCMO AIRPORT, TX US","  59.1","24","  46.1","24","1007.0","24","985.9","24"," 10.0","24","  8.2","24"," 18.1"," 25.1","  77.0"," ","  45.0"," "," 0.00","G","999.9","000000"
"72259003927","2015-12-12","32.8978","-97.0189","170.7","DAL FTW WSCMO AIRPORT, TX US","  71.2","24","  63.7","24","1007.3","24","986.3","24"," 10.0","24"," 14.4","24"," 22.0"," 29.9","  75.0","*","  68.0","*"," 0.00","G","999.9","000000"
"72259003927","2015-12-13","32.8978","-97.0189","170.7","DAL FTW WSCMO AIRPORT, TX US","  61.1","24","  55.3","24","1001.8","22","980.9","24","  9.0","24"," 12.9","24"," 38.1"," 52.1","  75.0"," ","  53.1"," "," 0.58","G","999.9","010000"
"72259003927","2015-12-14","32.8978","-97.0189","170.7","DAL FTW WSCMO AIRPORT, TX US","  55.8","24","  36.8","24","1004.4","24","983.3","24"," 10.0","24","  9.5","24"," 18.1"," 20.0","  73.9"," ","  44.1"," "," 0.13","G","999.9","000000"
"72259003927","2015-12-15","32.8978","-97.0189","170.7","DAL FTW WSCMO AIRPORT, TX US","  58.7","24","  47.0","24","1005.2","23","984.3","24"," 10.0","24","  7.5","24"," 13.0"," 20.0","  72.0"," ","  46.9"," "," 0.00","G","999.9","010000"
"72259003927","2015-12-16","32.8978","-97.0189","170.7","DAL FTW WSCMO AIRPORT, TX US","  54.3","24","  31.6","24","1010.8","24","989.6","24"," 10.0","24","  8.8","24"," 15.0"," 20.0","  72.0"," ","  44.1"," "," 0.00","G","999.9","000000"
"72259003927","2015-12-17","32.8978","-97.0189","170.7","DAL FTW WSCMO AIRPORT, TX US","  46.2","24","  28.0","24","1015.6","24","994.0","24"," 10.0","24","  5.7","24"," 15.9"," 22.0","  61.0"," ","  33.1"," "," 0.00","G","999.9","000000"
"72259003927","2015-12-18","32.8978","-97.0189","170.7","DAL FTW WSCMO AIRPORT, TX US","  42.4","24","  28.1","24","1025.3","24","003.5","24"," 10.0","24","  8.6","24"," 19.0"," 28.0","  60.1"," ","  30.9"," "," 0.00","G","999.9","000000"
"72259003927","2015-12-19","32.8978","-97.0189","170.7","DAL FTW WSCMO AIRPORT, TX US","  45.8","24","  32.2","24","1028.0","24","006.0","24"," 10.0","24","  8.2","24"," 18.1"," 21.0","  63.0"," ","  33.1"," "," 0.00","G","999.9","000000"
"72259003927","2015-12-20","32.8978","-97.0189","170.7","DAL FTW WSCMO AIRPORT, TX US","  53.8","24","  44.0","24","1021.5","24","999.8","24","  9.9","24"," 10.3","24"," 15.9"," 22.0","  64.0","*","  50.0","*"," 0.00","G","999.9","000000"
"72259003927","2015-12-21","32.8978","-97.0189","170.7","DAL FTW WSCMO AIRPORT, TX US","  64.3","24","  53.4","24","1012.8","20","991.8","24","  9.7","24"," 10.3","24"," 21.0"," 25.1","  73.0"," ","  48.9"," "," 0.00","G","999.9","100000"
"72259003927","2015-12-22","32.8978","-97.0189","170.7","DAL FTW WSCMO AIRPORT, TX US","  56.8","24","  42.0","24","1008.4","22","987.2","24","  9.2","24","  4.9","24"," 15.0"," 19.0","  73.9"," ","  44.1"," "," 0.00","G","999.9","110000"
"72259003927","2015-12-23","32.8978","-97.0189","170.7","DAL FTW WSCMO AIRPORT, TX US","  69.0","24","  51.1","24"," 997.8","23","976.9","24"," 10.0","24"," 13.7","24"," 18.1"," 26.0","  75.0","*","  63.0","*"," 0.00","G","999.9","000000"
"72259003927","2015-12-24","32.8978","-97.0189","170.7","DAL FTW WSCMO AIRPORT, TX US","  61.6","24","  41.1","24","1006.9","24","986.2","24"," 10.0","24","  6.1","24"," 14.0","999.9","  75.0"," ","  50.0"," "," 0.00","G","999.9","000000"
"72259003927","2015-12-25","32.8978","-97.0189","170.7","DAL FTW WSCMO AIRPORT, TX US","  57.0","24","  40.4","24","1014.5","24","993.1","24"," 10.0","24","  6.9","24"," 13.0","999.9","  75.0"," ","  44.1"," "," 0.00","G","999.9","000000"
"72259003927","2015-12-26","32.8978","-97.0189","170.7","DAL FTW WSCMO AIRPORT, TX US","  72.6","24","  64.8","24","1008.3","17","986.7","24","  8.9","24"," 10.8","24"," 29.9"," 38.1","  81.0","*","  66.0","*"," 0.00","G","999.9","010010"
"72259003927","2015-12-27","32.8978","-97.0189","170.7","DAL FTW WSCMO AIRPORT, TX US","  48.9","24","  45.6","24","1006.2","12","984.6","24","  7.8","24"," 19.4","24"," 26.0"," 38.1","  73.0","*","  41.0","*"," 1.06","G","999.9","010010"
"72259003927","2015-12-28","32.8978","-97.0189","170.7","DAL FTW WSCMO AIRPORT, TX US","  38.8","24","  33.7","24","1007.2","18","984.1","24","  8.3","24"," 17.5","24"," 26.0"," 33.0","  51.1"," ","  36.0"," "," 2.04","G","999.9","011010"
"72259003927","2015-12-29","32.8978","-97.0189","170.7","DAL FTW WSCMO AIRPORT, TX US","  37.6","24","  28.8","24","1017.0","24","995.1","24"," 10.0","24","  4.6","24"," 14.0","999.9","  46.9"," ","  30.9"," "," 0.02","G","999.9","000000"
"72259003927","2015-12-30","32.8978","-97.0189","170.7","DAL FTW WSCMO AIRPORT, TX US","  42.9","24","  34.6","24","1022.6","22","000.8","24"," 10.0","24","  4.3","24","  8.0","999.9","  53.1"," ","  31.1"," "," 0.00","G","999.9","000000"
"72259003927","2015-12-31","32.8978","-97.0189","170.7","DAL FTW WSCMO AIRPORT, TX US","  43.0","24","  32.6","24","1026.5","24","004.7","24"," 10.0","24","  6.0","24"," 13.0"," 19.0","  53.1"," ","  33.1"," "," 0.00","G","999.9","000000"
